# Blender 5.1.1
# www.blender.org
mtllib boss.mtl
o 球.001
v 0.000000 4.359571 0.000000
v -0.555570 4.191041 0.000000
v -0.831470 3.915142 0.000000
v -0.980785 3.554662 0.000000
v -1.000000 3.359571 0.000000
v -0.980785 3.164481 0.000000
v -0.831470 2.804001 0.000000
v 0.000000 2.359571 0.000000
v -0.191342 4.340357 -0.038060
v -0.375330 4.283451 -0.074658
v -0.544895 4.191041 -0.108386
v -0.693520 4.066678 -0.137950
v -0.815493 3.915142 -0.162212
v -0.906127 3.742255 -0.180240
v -0.961940 3.554662 -0.191342
v -0.980785 3.359571 -0.195090
v -0.961940 3.164481 -0.191342
v -0.906127 2.976888 -0.180240
v -0.815493 2.804001 -0.162212
v -0.693520 2.652465 -0.137950
v -0.544895 2.528102 -0.108386
v -0.375330 2.435692 -0.074658
v -0.191342 2.378786 -0.038060
v -0.180240 4.340357 -0.074658
v -0.353553 4.283451 -0.146447
v -0.513280 4.191041 -0.212608
v -0.653281 4.066678 -0.270598
v -0.768178 3.915142 -0.318190
v -0.853553 3.742255 -0.353553
v -0.906127 3.554662 -0.375330
v -0.923879 3.359571 -0.382683
v -0.906127 3.164481 -0.375330
v -0.853553 2.976888 -0.353553
v -0.768178 2.804001 -0.318190
v -0.653281 2.652465 -0.270598
v -0.513280 2.528102 -0.212608
v -0.353553 2.435692 -0.146447
v -0.180240 2.378786 -0.074658
v -0.162212 4.340357 -0.108386
v -0.318190 4.283451 -0.212608
v -0.461940 4.191041 -0.308658
v -0.587938 4.066678 -0.392847
v -0.691342 3.915142 -0.461940
v -0.768178 3.742255 -0.513280
v -0.815493 3.554662 -0.544895
v -0.831469 3.359571 -0.555570
v -0.815493 3.164481 -0.544895
v -0.768178 2.976888 -0.513280
v -0.691342 2.804001 -0.461940
v -0.587938 2.652465 -0.392847
v -0.461940 2.528102 -0.308658
v -0.318190 2.435692 -0.212608
v -0.162212 2.378786 -0.108386
v -0.137950 4.340357 -0.137950
v -0.270598 4.283451 -0.270598
v -0.392847 4.191041 -0.392847
v -0.500000 4.066678 -0.500000
v -0.587938 3.915142 -0.587938
v -0.653281 3.742255 -0.653281
v -0.693520 3.554662 -0.693520
v -0.707107 3.359571 -0.707107
v -0.693520 3.164481 -0.693520
v -0.653281 2.976888 -0.653281
v -0.587938 2.804001 -0.587938
v -0.500000 2.652465 -0.500000
v -0.392847 2.528102 -0.392847
v -0.270598 2.435692 -0.270598
v -0.137950 2.378786 -0.137950
v -0.108386 4.340357 -0.162212
v -0.212608 4.283451 -0.318190
v -0.308658 4.191041 -0.461940
v -0.392848 4.066678 -0.587938
v -0.461940 3.915142 -0.691342
v -0.513280 3.742255 -0.768178
v -0.544895 3.554662 -0.815493
v -0.555570 3.359571 -0.831470
v -0.544895 3.164481 -0.815493
v -0.513280 2.976888 -0.768178
v -0.461940 2.804001 -0.691342
v -0.392848 2.652465 -0.587938
v -0.308658 2.528102 -0.461940
v -0.212608 2.435692 -0.318190
v -0.108386 2.378786 -0.162212
v -0.074658 4.340357 -0.180240
v -0.146447 4.283451 -0.353553
v -0.212607 4.191041 -0.513280
v -0.270598 4.066678 -0.653281
v -0.318190 3.915142 -0.768178
v -0.353553 3.742255 -0.853553
v -0.375330 3.554662 -0.906127
v -0.382683 3.359571 -0.923879
v -0.375330 3.164481 -0.906127
v -0.353553 2.976888 -0.853553
v -0.318190 2.804001 -0.768178
v -0.270598 2.652465 -0.653281
v -0.212607 2.528102 -0.513280
v -0.146447 2.435692 -0.353553
v -0.074658 2.378786 -0.180240
v -0.038060 4.340357 -0.191342
v -0.074658 4.283451 -0.375330
v -0.108386 4.191041 -0.544895
v -0.137950 4.066678 -0.693520
v -0.162212 3.915142 -0.815493
v -0.180240 3.742255 -0.906127
v -0.191342 3.554662 -0.961940
v -0.195090 3.359571 -0.980785
v -0.191342 3.164481 -0.961940
v -0.180240 2.976888 -0.906127
v -0.162212 2.804001 -0.815493
v -0.137950 2.652465 -0.693520
v -0.108386 2.528102 -0.544895
v -0.074658 2.435692 -0.375330
v -0.038060 2.378786 -0.191342
v 0.000000 4.340357 -0.195090
v 0.000000 4.283451 -0.382683
v 0.000000 4.191041 -0.555570
v -0.000000 4.066678 -0.707107
v 0.000000 3.915142 -0.831469
v -0.000000 3.742255 -0.923879
v 0.000000 3.554662 -0.980785
v 0.000000 3.359571 -1.000000
v 0.000000 3.164481 -0.980785
v -0.000000 2.976888 -0.923879
v 0.000000 2.804001 -0.831469
v -0.000000 2.652465 -0.707107
v 0.000000 2.528102 -0.555570
v 0.000000 2.435692 -0.382683
v 0.000000 2.378786 -0.195090
v 0.038060 4.340357 -0.191342
v 0.074658 4.283451 -0.375330
v 0.108386 4.191041 -0.544895
v 0.137950 4.066678 -0.693520
v 0.162212 3.915142 -0.815493
v 0.180240 3.742255 -0.906127
v 0.191342 3.554662 -0.961940
v 0.195090 3.359571 -0.980785
v 0.191342 3.164481 -0.961940
v 0.180240 2.976888 -0.906127
v 0.162212 2.804001 -0.815493
v 0.137950 2.652465 -0.693520
v 0.108386 2.528102 -0.544895
v 0.074658 2.435692 -0.375330
v 0.038060 2.378786 -0.191342
v 0.074658 4.340357 -0.180240
v 0.146447 4.283451 -0.353553
v 0.212608 4.191041 -0.513280
v 0.270598 4.066678 -0.653281
v 0.318190 3.915142 -0.768178
v 0.353553 3.742255 -0.853553
v 0.375330 3.554662 -0.906127
v 0.382683 3.359571 -0.923879
v 0.375330 3.164481 -0.906127
v 0.353553 2.976888 -0.853553
v 0.318190 2.804001 -0.768178
v 0.270598 2.652465 -0.653281
v 0.212608 2.528102 -0.513280
v 0.146447 2.435692 -0.353553
v 0.074658 2.378786 -0.180240
v 0.108386 4.340357 -0.162212
v 0.212608 4.283451 -0.318190
v 0.308658 4.191041 -0.461940
v 0.392847 4.066678 -0.587938
v 0.461940 3.915142 -0.691341
v 0.513280 3.742255 -0.768178
v 0.544895 3.554662 -0.815493
v 0.555570 3.359571 -0.831469
v 0.544895 3.164481 -0.815493
v 0.513280 2.976888 -0.768178
v 0.461940 2.804001 -0.691341
v 0.392847 2.652465 -0.587938
v 0.308658 2.528102 -0.461940
v 0.212608 2.435692 -0.318190
v 0.108386 2.378786 -0.162212
v 0.137950 4.340357 -0.137950
v 0.270598 4.283451 -0.270598
v 0.392847 4.191041 -0.392847
v 0.500000 4.066678 -0.500000
v 0.587938 3.915142 -0.587938
v 0.653281 3.742255 -0.653281
v 0.693520 3.554662 -0.693520
v 0.707107 3.359571 -0.707106
v 0.693520 3.164481 -0.693520
v 0.653281 2.976888 -0.653281
v 0.587938 2.804001 -0.587938
v 0.500000 2.652465 -0.500000
v 0.392847 2.528102 -0.392847
v 0.270598 2.435692 -0.270598
v 0.137950 2.378786 -0.137950
v 0.162212 4.340357 -0.108386
v 0.318190 4.283451 -0.212607
v 0.461940 4.191041 -0.308658
v 0.587938 4.066678 -0.392847
v 0.691342 3.915142 -0.461940
v 0.768178 3.742255 -0.513280
v 0.815493 3.554662 -0.544895
v 0.831469 3.359571 -0.555570
v 0.815493 3.164481 -0.544895
v 0.768178 2.976888 -0.513280
v 0.691342 2.804001 -0.461940
v 0.587938 2.652465 -0.392847
v 0.461940 2.528102 -0.308658
v 0.318190 2.435692 -0.212607
v 0.162212 2.378786 -0.108386
v 0.180240 4.340357 -0.074658
v 0.353553 4.283451 -0.146447
v 0.513280 4.191041 -0.212607
v 0.653281 4.066678 -0.270598
v 0.768178 3.915142 -0.318189
v 0.853553 3.742255 -0.353553
v 0.906127 3.554662 -0.375330
v 0.923879 3.359571 -0.382683
v 0.906127 3.164481 -0.375330
v 0.853553 2.976888 -0.353553
v 0.768178 2.804001 -0.318189
v 0.653281 2.652465 -0.270598
v 0.513280 2.528102 -0.212607
v 0.353553 2.435692 -0.146447
v 0.180240 2.378786 -0.074658
v 0.191342 4.340357 -0.038060
v 0.375330 4.283451 -0.074658
v 0.544895 4.191041 -0.108386
v 0.693520 4.066678 -0.137950
v 0.815493 3.915142 -0.162212
v 0.906127 3.742255 -0.180240
v 0.961939 3.554662 -0.191342
v 0.980785 3.359571 -0.195090
v 0.961939 3.164481 -0.191342
v 0.906127 2.976888 -0.180240
v 0.815493 2.804001 -0.162212
v 0.693520 2.652465 -0.137950
v 0.544895 2.528102 -0.108386
v 0.375330 2.435692 -0.074658
v 0.191342 2.378786 -0.038060
v 0.195090 4.340357 -0.000000
v 0.382683 4.283451 0.000000
v 0.555570 4.191041 0.000000
v 0.707107 4.066678 -0.000000
v 0.831469 3.915142 0.000000
v 0.923879 3.742255 -0.000000
v 0.980785 3.554662 0.000000
v 0.999999 3.359571 0.000000
v 0.980785 3.164481 0.000000
v 0.923879 2.976888 -0.000000
v 0.831469 2.804001 0.000000
v 0.707107 2.652465 -0.000000
v 0.555570 2.528102 0.000000
v 0.382683 2.435692 0.000000
v 0.195090 2.378786 -0.000000
v 0.191342 4.340357 0.038060
v 0.375330 4.283451 0.074658
v 0.544895 4.191041 0.108386
v 0.693520 4.066678 0.137950
v 0.815493 3.915142 0.162212
v 0.906127 3.742255 0.180240
v 0.961939 3.554662 0.191342
v 0.980785 3.359571 0.195090
v 0.961939 3.164481 0.191342
v 0.906127 2.976888 0.180240
v 0.815493 2.804001 0.162212
v 0.693520 2.652465 0.137950
v 0.544895 2.528102 0.108386
v 0.375330 2.435692 0.074658
v 0.191342 2.378786 0.038060
v 0.180240 4.340357 0.074658
v 0.353553 4.283451 0.146447
v 0.513280 4.191041 0.212607
v 0.653281 4.066678 0.270598
v 0.768177 3.915142 0.318190
v 0.853553 3.742255 0.353553
v 0.906127 3.554662 0.375330
v 0.923879 3.359571 0.382683
v 0.906127 3.164481 0.375330
v 0.853553 2.976888 0.353553
v 0.768177 2.804001 0.318190
v 0.653281 2.652465 0.270598
v 0.513280 2.528102 0.212607
v 0.353553 2.435692 0.146447
v 0.180240 2.378786 0.074658
v 0.162212 4.340357 0.108386
v 0.318190 4.283451 0.212607
v 0.461939 4.191041 0.308658
v 0.587938 4.066678 0.392847
v 0.691341 3.915142 0.461940
v 0.768178 3.742255 0.513280
v 0.815493 3.554662 0.544895
v 0.831469 3.359571 0.555570
v 0.815493 3.164481 0.544895
v 0.768178 2.976888 0.513280
v 0.691341 2.804001 0.461940
v 0.587938 2.652465 0.392847
v 0.461939 2.528102 0.308658
v 0.318190 2.435692 0.212607
v 0.162212 2.378786 0.108386
v 0.137950 4.340357 0.137950
v 0.270598 4.283451 0.270598
v 0.392847 4.191041 0.392847
v 0.500000 4.066678 0.500000
v 0.587937 3.915142 0.587938
v 0.653281 3.742255 0.653281
v 0.693520 3.554662 0.693520
v 0.707106 3.359571 0.707106
v 0.693520 3.164481 0.693520
v 0.653281 2.976888 0.653281
v 0.587937 2.804001 0.587938
v 0.500000 2.652465 0.500000
v 0.392847 2.528102 0.392847
v 0.270598 2.435692 0.270598
v 0.137950 2.378786 0.137950
v 0.108386 4.340357 0.162212
v 0.212607 4.283451 0.318190
v 0.308658 4.191041 0.461940
v 0.392847 4.066678 0.587938
v 0.461939 3.915142 0.691341
v 0.513280 3.742255 0.768177
v 0.544895 3.554662 0.815493
v 0.555569 3.359571 0.831469
v 0.544895 3.164481 0.815493
v 0.513280 2.976888 0.768177
v 0.461939 2.804001 0.691341
v 0.392847 2.652465 0.587938
v 0.308658 2.528102 0.461940
v 0.212607 2.435692 0.318190
v 0.108386 2.378786 0.162212
v 0.074658 4.340357 0.180240
v 0.146447 4.283451 0.353553
v 0.212607 4.191041 0.513280
v 0.270598 4.066678 0.653281
v 0.318189 3.915142 0.768177
v 0.353553 3.742255 0.853553
v 0.375330 3.554662 0.906127
v 0.382683 3.359571 0.923879
v 0.375330 3.164481 0.906127
v 0.353553 2.976888 0.853553
v 0.318189 2.804001 0.768177
v 0.270598 2.652465 0.653281
v 0.212607 2.528102 0.513280
v 0.146447 2.435692 0.353553
v 0.074658 2.378786 0.180240
v 0.038060 4.340357 0.191342
v 0.074658 4.283451 0.375330
v 0.108386 4.191041 0.544895
v 0.137950 4.066678 0.693520
v 0.162211 3.915142 0.815493
v 0.180240 3.742255 0.906127
v 0.191341 3.554662 0.961939
v 0.195090 3.359571 0.980784
v 0.191341 3.164481 0.961939
v 0.180240 2.976888 0.906127
v 0.162211 2.804001 0.815493
v 0.137950 2.652465 0.693520
v 0.108386 2.528102 0.544895
v 0.074658 2.435692 0.375330
v 0.038060 2.378786 0.191342
v -0.000000 4.340357 0.195090
v -0.000000 4.283451 0.382683
v -0.000000 4.191041 0.555570
v 0.000000 4.066678 0.707107
v -0.000000 3.915142 0.831469
v 0.000000 3.742255 0.923879
v -0.000000 3.554662 0.980785
v -0.000000 3.359571 0.999999
v -0.000000 3.164481 0.980785
v 0.000000 2.976888 0.923879
v -0.000000 2.804001 0.831469
v 0.000000 2.652465 0.707107
v -0.000000 2.528102 0.555570
v -0.000000 2.435692 0.382683
v -0.000000 2.378786 0.195090
v -0.038060 4.340357 0.191342
v -0.074658 4.283451 0.375330
v -0.108386 4.191041 0.544895
v -0.137950 4.066678 0.693520
v -0.162212 3.915142 0.815493
v -0.180240 3.742255 0.906127
v -0.191342 3.554662 0.961939
v -0.195091 3.359571 0.980784
v -0.191342 3.164481 0.961939
v -0.180240 2.976888 0.906127
v -0.162212 2.804001 0.815493
v -0.137950 2.652465 0.693520
v -0.108386 2.528102 0.544895
v -0.074658 2.435692 0.375330
v -0.038060 2.378786 0.191342
v -0.074658 4.340357 0.180240
v -0.146447 4.283451 0.353553
v -0.212607 4.191041 0.513279
v -0.270598 4.066678 0.653281
v -0.318190 3.915142 0.768177
v -0.353553 3.742255 0.853553
v -0.375330 3.554662 0.906127
v -0.382683 3.359571 0.923878
v -0.375330 3.164481 0.906127
v -0.353553 2.976888 0.853553
v -0.318190 2.804001 0.768177
v -0.270598 2.652465 0.653281
v -0.212607 2.528102 0.513279
v -0.146447 2.435692 0.353553
v -0.074658 2.378786 0.180240
v -0.108386 4.340357 0.162212
v -0.212607 4.283451 0.318189
v -0.308658 4.191041 0.461939
v -0.392847 4.066678 0.587938
v -0.461940 3.915142 0.691341
v -0.513280 3.742255 0.768177
v -0.544895 3.554662 0.815493
v -0.555570 3.359571 0.831468
v -0.544895 3.164481 0.815493
v -0.513280 2.976888 0.768177
v -0.461940 2.804001 0.691341
v -0.392847 2.652465 0.587938
v -0.308658 2.528102 0.461939
v -0.212607 2.435692 0.318189
v -0.108386 2.378786 0.162212
v -0.137950 4.340357 0.137950
v -0.270598 4.283451 0.270598
v -0.392847 4.191041 0.392847
v -0.500000 4.066678 0.500000
v -0.587938 3.915142 0.587937
v -0.653281 3.742255 0.653281
v -0.693520 3.554662 0.693519
v -0.707106 3.359571 0.707106
v -0.693520 3.164481 0.693519
v -0.653281 2.976888 0.653281
v -0.587938 2.804001 0.587937
v -0.500000 2.652465 0.500000
v -0.392847 2.528102 0.392847
v -0.270598 2.435692 0.270598
v -0.137950 2.378786 0.137950
v -0.162212 4.340357 0.108386
v -0.318190 4.283451 0.212607
v -0.461939 4.191041 0.308658
v -0.587938 4.066678 0.392847
v -0.691341 3.915142 0.461939
v -0.768177 3.742255 0.513280
v -0.815493 3.554662 0.544895
v -0.831469 3.359571 0.555569
v -0.815493 3.164481 0.544895
v -0.768177 2.976888 0.513280
v -0.691341 2.804001 0.461939
v -0.587938 2.652465 0.392847
v -0.461939 2.528102 0.308658
v -0.318190 2.435692 0.212607
v -0.162212 2.378786 0.108386
v -0.180240 4.340357 0.074658
v -0.353553 4.283451 0.146446
v -0.513279 4.191041 0.212607
v -0.653281 4.066678 0.270598
v -0.768177 3.915142 0.318189
v -0.853553 3.742255 0.353553
v -0.906127 3.554662 0.375330
v -0.923879 3.359571 0.382683
v -0.906127 3.164481 0.375330
v -0.853553 2.976888 0.353553
v -0.768177 2.804001 0.318189
v -0.653281 2.652465 0.270598
v -0.513279 2.528102 0.212607
v -0.353553 2.435692 0.146446
v -0.180240 2.378786 0.074658
v -0.191342 4.340357 0.038060
v -0.375330 4.283451 0.074658
v -0.544895 4.191041 0.108386
v -0.693520 4.066678 0.137950
v -0.815493 3.915142 0.162211
v -0.906127 3.742255 0.180240
v -0.961939 3.554662 0.191341
v -0.980784 3.359571 0.195090
v -0.961939 3.164481 0.191341
v -0.906127 2.976888 0.180240
v -0.815493 2.804001 0.162211
v -0.693520 2.652465 0.137950
v -0.544895 2.528102 0.108386
v -0.375330 2.435692 0.074658
v -0.191342 2.378786 0.038060
v -0.195090 4.340357 -0.000000
v -0.382683 4.283451 -0.000000
v -0.707107 4.066678 -0.000000
v -0.923879 3.742255 -0.000000
v -0.923879 2.976888 -0.000000
v -0.707107 2.652465 -0.000000
v -0.555570 2.528102 -0.000000
v -0.382683 2.435692 -0.000000
v -0.195090 2.378786 -0.000000
v 0.000000 2.678142 0.000000
v -0.894050 2.406935 0.000000
v -1.338041 1.962945 0.000000
v -1.578327 1.382843 0.000000
v -1.609248 1.068894 0.000000
v -1.578327 0.754945 0.000000
v -1.338041 0.174844 0.000000
v 0.000000 -0.540354 0.000000
v -0.307916 2.647221 -0.061248
v -0.604000 2.555645 -0.120143
v -0.876871 2.406935 -0.174421
v -1.116046 2.206804 -0.221995
v -1.312331 1.962945 -0.261039
v -1.458184 1.684727 -0.290051
v -1.548000 1.382843 -0.307916
v -1.578327 1.068894 -0.313949
v -1.548000 0.754945 -0.307916
v -1.458184 0.453062 -0.290051
v -1.312331 0.174844 -0.261039
v -1.116046 -0.069016 -0.221995
v -0.876871 -0.269147 -0.174421
v -0.604000 -0.417857 -0.120143
v -0.307916 -0.509433 -0.061248
v -0.290051 2.647221 -0.120143
v -0.568955 2.555645 -0.235669
v -0.825995 2.406935 -0.342138
v -1.051292 2.206804 -0.435459
v -1.236188 1.962945 -0.512046
v -1.373579 1.684727 -0.568955
v -1.458184 1.382843 -0.603999
v -1.486751 1.068894 -0.615833
v -1.458184 0.754945 -0.603999
v -1.373579 0.453062 -0.568955
v -1.236188 0.174844 -0.512046
v -1.051292 -0.069016 -0.435459
v -0.825995 -0.269147 -0.342138
v -0.568955 -0.417857 -0.235669
v -0.290051 -0.509433 -0.120143
v -0.261039 2.647221 -0.174421
v -0.512046 2.555645 -0.342138
v -0.743376 2.406935 -0.496708
v -0.946138 2.206804 -0.632189
v -1.112540 1.962945 -0.743376
v -1.236189 1.684727 -0.825995
v -1.312331 1.382843 -0.876871
v -1.338041 1.068894 -0.894050
v -1.312331 0.754945 -0.876871
v -1.236189 0.453062 -0.825995
v -1.112540 0.174844 -0.743376
v -0.946138 -0.069016 -0.632189
v -0.743376 -0.269147 -0.496708
v -0.512046 -0.417857 -0.342138
v -0.261039 -0.509433 -0.174421
v -0.221995 2.647221 -0.221995
v -0.435459 2.555645 -0.435459
v -0.632189 2.406935 -0.632189
v -0.804624 2.206804 -0.804624
v -0.946138 1.962945 -0.946138
v -1.051292 1.684727 -1.051292
v -1.116045 1.382843 -1.116046
v -1.137910 1.068894 -1.137910
v -1.116045 0.754945 -1.116046
v -1.051292 0.453062 -1.051292
v -0.946138 0.174844 -0.946138
v -0.804624 -0.069016 -0.804624
v -0.632189 -0.269147 -0.632189
v -0.435459 -0.417857 -0.435459
v -0.221995 -0.509433 -0.221995
v -0.174421 2.647221 -0.261039
v -0.342138 2.555645 -0.512046
v -0.496708 2.406935 -0.743376
v -0.632189 2.206804 -0.946138
v -0.743376 1.962945 -1.112540
v -0.825995 1.684727 -1.236188
v -0.876871 1.382843 -1.312331
v -0.894050 1.068894 -1.338041
v -0.876871 0.754945 -1.312331
v -0.825995 0.453062 -1.236188
v -0.743376 0.174844 -1.112540
v -0.632189 -0.069016 -0.946138
v -0.496708 -0.269147 -0.743376
v -0.342138 -0.417857 -0.512046
v -0.174421 -0.509433 -0.261039
v -0.120143 2.647221 -0.290051
v -0.235669 2.555645 -0.568955
v -0.342138 2.406935 -0.825995
v -0.435459 2.206804 -1.051292
v -0.512046 1.962945 -1.236188
v -0.568955 1.684727 -1.373579
v -0.603999 1.382843 -1.458184
v -0.615832 1.068894 -1.486751
v -0.603999 0.754945 -1.458184
v -0.568955 0.453062 -1.373579
v -0.512046 0.174844 -1.236188
v -0.435459 -0.069016 -1.051292
v -0.342138 -0.269147 -0.825995
v -0.235669 -0.417857 -0.568955
v -0.120143 -0.509433 -0.290051
v -0.061248 2.647221 -0.307916
v -0.120143 2.555645 -0.603999
v -0.174421 2.406935 -0.876871
v -0.221995 2.206804 -1.116046
v -0.261039 1.962945 -1.312331
v -0.290051 1.684727 -1.458184
v -0.307916 1.382843 -1.548000
v -0.313948 1.068894 -1.578327
v -0.307916 0.754945 -1.548000
v -0.290051 0.453062 -1.458184
v -0.261039 0.174844 -1.312331
v -0.221995 -0.069016 -1.116046
v -0.174421 -0.269147 -0.876871
v -0.120143 -0.417857 -0.603999
v -0.061248 -0.509433 -0.307916
v 0.000000 2.647221 -0.313949
v 0.000000 2.555645 -0.615833
v 0.000000 2.406935 -0.894050
v -0.000000 2.206804 -1.137910
v 0.000000 1.962945 -1.338041
v -0.000000 1.684727 -1.486751
v 0.000000 1.382843 -1.578327
v 0.000000 1.068894 -1.609248
v 0.000000 0.754945 -1.578327
v -0.000000 0.453062 -1.486751
v 0.000000 0.174844 -1.338041
v -0.000000 -0.069016 -1.137910
v 0.000000 -0.269147 -0.894050
v 0.000000 -0.417857 -0.615833
v 0.000000 -0.509433 -0.313949
v 0.061248 2.647221 -0.307916
v 0.120143 2.555645 -0.603999
v 0.174421 2.406935 -0.876871
v 0.221995 2.206804 -1.116045
v 0.261039 1.962945 -1.312330
v 0.290051 1.684727 -1.458184
v 0.307916 1.382843 -1.548000
v 0.313949 1.068894 -1.578326
v 0.307916 0.754945 -1.548000
v 0.290051 0.453062 -1.458184
v 0.261039 0.174844 -1.312330
v 0.221995 -0.069016 -1.116045
v 0.174421 -0.269147 -0.876871
v 0.120143 -0.417857 -0.603999
v 0.061248 -0.509433 -0.307916
v 0.120143 2.647221 -0.290051
v 0.235669 2.555645 -0.568955
v 0.342138 2.406935 -0.825995
v 0.435459 2.206804 -1.051292
v 0.512046 1.962945 -1.236188
v 0.568955 1.684727 -1.373579
v 0.604000 1.382843 -1.458184
v 0.615833 1.068894 -1.486751
v 0.604000 0.754945 -1.458184
v 0.568955 0.453062 -1.373579
v 0.512046 0.174844 -1.236188
v 0.435459 -0.069016 -1.051292
v 0.342138 -0.269147 -0.825995
v 0.235669 -0.417857 -0.568955
v 0.120143 -0.509433 -0.290051
v 0.174421 2.647221 -0.261039
v 0.342138 2.555645 -0.512046
v 0.496708 2.406935 -0.743375
v 0.632189 2.206804 -0.946138
v 0.743376 1.962945 -1.112540
v 0.825995 1.684727 -1.236188
v 0.876871 1.382843 -1.312330
v 0.894050 1.068894 -1.338040
v 0.876871 0.754945 -1.312330
v 0.825995 0.453062 -1.236188
v 0.743376 0.174844 -1.112540
v 0.632189 -0.069016 -0.946138
v 0.496708 -0.269147 -0.743375
v 0.342138 -0.417857 -0.512046
v 0.174421 -0.509433 -0.261039
v 0.221995 2.647221 -0.221995
v 0.435459 2.555645 -0.435459
v 0.632189 2.406935 -0.632189
v 0.804624 2.206804 -0.804624
v 0.946138 1.962945 -0.946137
v 1.051292 1.684727 -1.051292
v 1.116045 1.382843 -1.116045
v 1.137910 1.068894 -1.137909
v 1.116045 0.754945 -1.116045
v 1.051292 0.453062 -1.051292
v 0.946138 0.174844 -0.946137
v 0.804624 -0.069016 -0.804624
v 0.632189 -0.269147 -0.632189
v 0.435459 -0.417857 -0.435459
v 0.221995 -0.509433 -0.221995
v 0.261039 2.647221 -0.174420
v 0.512046 2.555645 -0.342138
v 0.743376 2.406935 -0.496707
v 0.946138 2.206804 -0.632189
v 1.112540 1.962945 -0.743375
v 1.236188 1.684727 -0.825995
v 1.312331 1.382843 -0.876871
v 1.338041 1.068894 -0.894050
v 1.312331 0.754945 -0.876871
v 1.236188 0.453062 -0.825995
v 1.112540 0.174844 -0.743375
v 0.946138 -0.069016 -0.632189
v 0.743376 -0.269147 -0.496707
v 0.512046 -0.417857 -0.342138
v 0.261039 -0.509433 -0.174420
v 0.290051 2.647221 -0.120143
v 0.568955 2.555645 -0.235669
v 0.825995 2.406935 -0.342138
v 1.051292 2.206804 -0.435459
v 1.236188 1.962945 -0.512046
v 1.373579 1.684727 -0.568955
v 1.458184 1.382843 -0.603999
v 1.486751 1.068894 -0.615832
v 1.458184 0.754945 -0.603999
v 1.373579 0.453062 -0.568955
v 1.236188 0.174844 -0.512046
v 1.051292 -0.069016 -0.435459
v 0.825995 -0.269147 -0.342138
v 0.568955 -0.417857 -0.235669
v 0.290051 -0.509433 -0.120143
v 0.307916 2.647221 -0.061248
v 0.603999 2.555645 -0.120143
v 0.876871 2.406935 -0.174420
v 1.116045 2.206804 -0.221995
v 1.312330 1.962945 -0.261039
v 1.458184 1.684727 -0.290051
v 1.547999 1.382843 -0.307916
v 1.578326 1.068894 -0.313948
v 1.547999 0.754945 -0.307916
v 1.458184 0.453062 -0.290051
v 1.312330 0.174844 -0.261039
v 1.116045 -0.069016 -0.221995
v 0.876871 -0.269147 -0.174420
v 0.603999 -0.417857 -0.120143
v 0.307916 -0.509433 -0.061248
v 0.313949 2.647221 -0.000000
v 0.615832 2.555645 0.000000
v 0.894050 2.406935 0.000000
v 1.137910 2.206804 -0.000000
v 1.338040 1.962945 0.000000
v 1.486751 1.684727 -0.000000
v 1.578326 1.382843 0.000000
v 1.609247 1.068894 0.000000
v 1.578326 0.754945 0.000000
v 1.486751 0.453062 -0.000000
v 1.338040 0.174844 0.000000
v 1.137910 -0.069016 -0.000000
v 0.894050 -0.269147 0.000000
v 0.615832 -0.417857 0.000000
v 0.313949 -0.509433 -0.000000
v 0.307916 2.647221 0.061248
v 0.603999 2.555645 0.120143
v 0.876871 2.406935 0.174421
v 1.116045 2.206804 0.221995
v 1.312330 1.962945 0.261039
v 1.458183 1.684727 0.290051
v 1.547999 1.382843 0.307916
v 1.578326 1.068894 0.313949
v 1.547999 0.754945 0.307916
v 1.458183 0.453062 0.290051
v 1.312330 0.174844 0.261039
v 1.116045 -0.069016 0.221995
v 0.876871 -0.269147 0.174421
v 0.603999 -0.417857 0.120143
v 0.307916 -0.509433 0.061248
v 0.290051 2.647221 0.120143
v 0.568955 2.555645 0.235669
v 0.825994 2.406935 0.342138
v 1.051292 2.206804 0.435459
v 1.236188 1.962945 0.512046
v 1.373579 1.684727 0.568955
v 1.458183 1.382843 0.603999
v 1.486750 1.068894 0.615833
v 1.458183 0.754945 0.603999
v 1.373579 0.453062 0.568955
v 1.236188 0.174844 0.512046
v 1.051292 -0.069016 0.435459
v 0.825994 -0.269147 0.342138
v 0.568955 -0.417857 0.235669
v 0.290051 -0.509433 0.120143
v 0.261039 2.647221 0.174420
v 0.512046 2.555645 0.342138
v 0.743375 2.406935 0.496708
v 0.946138 2.206804 0.632189
v 1.112540 1.962945 0.743375
v 1.236188 1.684727 0.825994
v 1.312330 1.382843 0.876871
v 1.338040 1.068894 0.894050
v 1.312330 0.754945 0.876871
v 1.236188 0.453062 0.825994
v 1.112540 0.174844 0.743375
v 0.946138 -0.069016 0.632189
v 0.743375 -0.269147 0.496708
v 0.512046 -0.417857 0.342138
v 0.261039 -0.509433 0.174420
v 0.221995 2.647221 0.221995
v 0.435459 2.555645 0.435459
v 0.632188 2.406935 0.632189
v 0.804624 2.206804 0.804624
v 0.946137 1.962945 0.946137
v 1.051292 1.684727 1.051292
v 1.116045 1.382843 1.116045
v 1.137909 1.068894 1.137910
v 1.116045 0.754945 1.116045
v 1.051292 0.453062 1.051292
v 0.946137 0.174844 0.946137
v 0.804624 -0.069016 0.804624
v 0.632188 -0.269147 0.632189
v 0.435459 -0.417857 0.435459
v 0.221995 -0.509433 0.221995
v 0.174420 2.647221 0.261039
v 0.342138 2.555645 0.512046
v 0.496707 2.406935 0.743375
v 0.632189 2.206804 0.946138
v 0.743375 1.962945 1.112540
v 0.825995 1.684727 1.236188
v 0.876871 1.382843 1.312330
v 0.894049 1.068894 1.338040
v 0.876871 0.754945 1.312330
v 0.825995 0.453062 1.236188
v 0.743375 0.174844 1.112540
v 0.632189 -0.069016 0.946138
v 0.496707 -0.269147 0.743375
v 0.342138 -0.417857 0.512046
v 0.174420 -0.509433 0.261039
v 0.120143 2.647221 0.290051
v 0.235669 2.555645 0.568955
v 0.342138 2.406935 0.825994
v 0.435459 2.206804 1.051292
v 0.512046 1.962945 1.236188
v 0.568955 1.684727 1.373579
v 0.603999 1.382843 1.458183
v 0.615831 1.068894 1.486750
v 0.603999 0.754945 1.458183
v 0.568955 0.453062 1.373579
v 0.512046 0.174844 1.236188
v 0.435459 -0.069016 1.051292
v 0.342138 -0.269147 0.825994
v 0.235669 -0.417857 0.568955
v 0.120143 -0.509433 0.290051
v 0.061248 2.647221 0.307916
v 0.120143 2.555645 0.603999
v 0.174420 2.406935 0.876871
v 0.221995 2.206804 1.116045
v 0.261039 1.962945 1.312330
v 0.290051 1.684727 1.458183
v 0.307916 1.382843 1.547999
v 0.313948 1.068894 1.578326
v 0.307916 0.754945 1.547999
v 0.290051 0.453062 1.458183
v 0.261039 0.174844 1.312330
v 0.221995 -0.069016 1.116045
v 0.174420 -0.269147 0.876871
v 0.120143 -0.417857 0.603999
v 0.061248 -0.509433 0.307916
v -0.000000 2.647221 0.313948
v -0.000000 2.555645 0.615832
v -0.000000 2.406935 0.894050
v 0.000000 2.206804 1.137910
v -0.000000 1.962945 1.338040
v 0.000000 1.684727 1.486751
v -0.000000 1.382843 1.578326
v -0.000001 1.068894 1.609247
v -0.000000 0.754945 1.578326
v 0.000000 0.453062 1.486751
v -0.000000 0.174844 1.338040
v 0.000000 -0.069016 1.137910
v -0.000000 -0.269147 0.894050
v -0.000000 -0.417857 0.615832
v -0.000000 -0.509433 0.313948
v -0.061248 2.647221 0.307916
v -0.120143 2.555645 0.603999
v -0.174421 2.406935 0.876871
v -0.221995 2.206804 1.116045
v -0.261039 1.962945 1.312330
v -0.290051 1.684727 1.458183
v -0.307917 1.382843 1.547999
v -0.313949 1.068894 1.578325
v -0.307917 0.754945 1.547999
v -0.290051 0.453062 1.458183
v -0.261039 0.174844 1.312330
v -0.221995 -0.069016 1.116045
v -0.174421 -0.269147 0.876871
v -0.120143 -0.417857 0.603999
v -0.061248 -0.509433 0.307916
v -0.120143 2.647221 0.290051
v -0.235669 2.555645 0.568955
v -0.342138 2.406935 0.825994
v -0.435459 2.206804 1.051292
v -0.512046 1.962945 1.236188
v -0.568955 1.684727 1.373579
v -0.604000 1.382843 1.458183
v -0.615833 1.068894 1.486750
v -0.604000 0.754945 1.458183
v -0.568955 0.453062 1.373579
v -0.512046 0.174844 1.236188
v -0.435459 -0.069016 1.051292
v -0.342138 -0.269147 0.825994
v -0.235669 -0.417857 0.568955
v -0.120143 -0.509433 0.290051
v -0.174420 2.647221 0.261039
v -0.342138 2.555645 0.512046
v -0.496708 2.406935 0.743375
v -0.632189 2.206804 0.946137
v -0.743375 1.962945 1.112540
v -0.825994 1.684727 1.236188
v -0.876871 1.382843 1.312330
v -0.894050 1.068894 1.338039
v -0.876871 0.754945 1.312330
v -0.825994 0.453062 1.236188
v -0.743375 0.174844 1.112540
v -0.632189 -0.069016 0.946137
v -0.496708 -0.269147 0.743375
v -0.342138 -0.417857 0.512046
v -0.174420 -0.509433 0.261039
v -0.221995 2.647221 0.221995
v -0.435459 2.555645 0.435459
v -0.632189 2.406935 0.632188
v -0.804624 2.206804 0.804624
v -0.946137 1.962945 0.946137
v -1.051291 1.684727 1.051291
v -1.116045 1.382843 1.116045
v -1.137910 1.068894 1.137909
v -1.116045 0.754945 1.116045
v -1.051291 0.453062 1.051291
v -0.946137 0.174844 0.946137
v -0.804624 -0.069016 0.804624
v -0.632189 -0.269147 0.632188
v -0.435459 -0.417857 0.435459
v -0.221995 -0.509433 0.221995
v -0.261039 2.647221 0.174420
v -0.512046 2.555645 0.342138
v -0.743375 2.406935 0.496707
v -0.946138 2.206804 0.632189
v -1.112540 1.962945 0.743375
v -1.236188 1.684727 0.825994
v -1.312330 1.382843 0.876871
v -1.338040 1.068894 0.894049
v -1.312330 0.754945 0.876871
v -1.236188 0.453062 0.825994
v -1.112540 0.174844 0.743375
v -0.946138 -0.069016 0.632189
v -0.743375 -0.269147 0.496707
v -0.512046 -0.417857 0.342138
v -0.261039 -0.509433 0.174420
v -0.290051 2.647221 0.120143
v -0.568955 2.555645 0.235669
v -0.825994 2.406935 0.342138
v -1.051292 2.206804 0.435459
v -1.236188 1.962945 0.512045
v -1.373579 1.684727 0.568955
v -1.458183 1.382843 0.603999
v -1.486750 1.068894 0.615831
v -1.458183 0.754945 0.603999
v -1.373579 0.453062 0.568955
v -1.236188 0.174844 0.512045
v -1.051292 -0.069016 0.435459
v -0.825994 -0.269147 0.342138
v -0.568955 -0.417857 0.235669
v -0.290051 -0.509433 0.120143
v -0.307916 2.647221 0.061248
v -0.603999 2.555645 0.120143
v -0.876871 2.406935 0.174420
v -1.116045 2.206804 0.221995
v -1.312330 1.962945 0.261038
v -1.458183 1.684727 0.290051
v -1.547999 1.382843 0.307916
v -1.578325 1.068894 0.313948
v -1.547999 0.754945 0.307916
v -1.458183 0.453062 0.290051
v -1.312330 0.174844 0.261038
v -1.116045 -0.069016 0.221995
v -0.876871 -0.269147 0.174420
v -0.603999 -0.417857 0.120143
v -0.307916 -0.509433 0.061248
v -0.313948 2.647221 -0.000000
v -0.615832 2.555645 -0.000000
v -1.137910 2.206804 -0.000000
v -1.486751 1.684727 -0.000000
v -1.486751 0.453062 -0.000000
v -1.137910 -0.069016 -0.000000
v -0.894049 -0.269147 -0.000000
v -0.615832 -0.417857 -0.000000
v -0.313948 -0.509433 -0.000000
vn -0.8786 -0.4696 -0.0865
vn -0.6332 0.7715 -0.0624
vn -0.7708 -0.6326 -0.0759
vn -0.7708 0.6326 -0.0759
vn -0.6332 -0.7715 -0.0624
vn -0.8786 0.4696 -0.0865
vn -0.4709 -0.8810 -0.0464
vn -0.9527 0.2890 -0.0938
vn -0.2902 -0.9565 -0.0286
vn -0.9904 0.0975 -0.0975
vn -0.0980 0.9951 -0.0097
vn -0.0980 -0.9951 -0.0097
vn -0.9904 -0.0975 -0.0975
vn -0.2902 0.9565 -0.0286
vn -0.9527 -0.2890 -0.0938
vn -0.4709 0.8810 -0.0464
vn -0.9161 -0.2890 -0.2779
vn -0.4528 0.8810 -0.1374
vn -0.8448 -0.4696 -0.2563
vn -0.6088 0.7715 -0.1847
vn -0.7412 -0.6326 -0.2248
vn -0.7412 0.6326 -0.2248
vn -0.6088 -0.7715 -0.1847
vn -0.8448 0.4696 -0.2563
vn -0.4528 -0.8810 -0.1374
vn -0.9161 0.2890 -0.2779
vn -0.2790 -0.9565 -0.0846
vn -0.9524 0.0976 -0.2889
vn -0.0942 0.9951 -0.0286
vn -0.0942 -0.9951 -0.0286
vn -0.9524 -0.0976 -0.2889
vn -0.2790 0.9565 -0.0846
vn -0.4173 -0.8810 -0.2230
vn -0.8443 0.2890 -0.4513
vn -0.2571 -0.9565 -0.1374
vn -0.8777 0.0975 -0.4691
vn -0.0869 0.9951 -0.0464
vn -0.0869 -0.9951 -0.0464
vn -0.8777 -0.0975 -0.4691
vn -0.2571 0.9565 -0.1374
vn -0.8443 -0.2890 -0.4513
vn -0.4173 0.8810 -0.2230
vn -0.7786 -0.4696 -0.4162
vn -0.5611 0.7715 -0.2999
vn -0.6831 -0.6326 -0.3651
vn -0.6831 0.6326 -0.3651
vn -0.5611 -0.7715 -0.2999
vn -0.7786 0.4696 -0.4162
vn -0.3658 0.8810 -0.3002
vn -0.6825 -0.4696 -0.5601
vn -0.4918 0.7715 -0.4036
vn -0.5987 -0.6326 -0.4913
vn -0.5987 0.6326 -0.4913
vn -0.4918 -0.7715 -0.4036
vn -0.6825 0.4696 -0.5601
vn -0.3658 -0.8810 -0.3002
vn -0.7400 0.2890 -0.6073
vn -0.2254 -0.9565 -0.1850
vn -0.7693 0.0975 -0.6314
vn -0.0761 0.9951 -0.0625
vn -0.0761 -0.9951 -0.0625
vn -0.7693 -0.0975 -0.6314
vn -0.2254 0.9565 -0.1850
vn -0.7400 -0.2890 -0.6073
vn -0.6073 0.2890 -0.7400
vn -0.1850 -0.9565 -0.2254
vn -0.6314 0.0975 -0.7693
vn -0.0625 0.9951 -0.0761
vn -0.0625 -0.9951 -0.0761
vn -0.6314 -0.0975 -0.7693
vn -0.1850 0.9565 -0.2254
vn -0.6073 -0.2890 -0.7400
vn -0.3002 0.8810 -0.3658
vn -0.5601 -0.4696 -0.6825
vn -0.4036 0.7715 -0.4918
vn -0.4913 -0.6326 -0.5987
vn -0.4913 0.6326 -0.5987
vn -0.4036 -0.7715 -0.4918
vn -0.5601 0.4696 -0.6825
vn -0.3002 -0.8810 -0.3658
vn -0.4162 -0.4696 -0.7786
vn -0.2999 0.7715 -0.5611
vn -0.3651 -0.6326 -0.6831
vn -0.3651 0.6326 -0.6831
vn -0.2999 -0.7715 -0.5611
vn -0.4162 0.4696 -0.7786
vn -0.2230 -0.8810 -0.4173
vn -0.4513 0.2890 -0.8443
vn -0.1374 -0.9565 -0.2571
vn -0.4691 0.0975 -0.8777
vn -0.0464 0.9951 -0.0869
vn -0.0464 -0.9951 -0.0869
vn -0.4691 -0.0975 -0.8777
vn -0.1374 0.9565 -0.2571
vn -0.4513 -0.2890 -0.8443
vn -0.2230 0.8810 -0.4173
vn -0.0846 -0.9565 -0.2790
vn -0.2889 0.0975 -0.9524
vn -0.0286 0.9951 -0.0942
vn -0.0286 -0.9951 -0.0942
vn -0.2889 -0.0975 -0.9524
vn -0.0846 0.9565 -0.2790
vn -0.2779 -0.2890 -0.9161
vn -0.1374 0.8810 -0.4528
vn -0.2563 -0.4696 -0.8448
vn -0.1847 0.7715 -0.6088
vn -0.2248 -0.6326 -0.7412
vn -0.2248 0.6326 -0.7412
vn -0.1847 -0.7715 -0.6088
vn -0.2563 0.4696 -0.8448
vn -0.1374 -0.8810 -0.4528
vn -0.2779 0.2890 -0.9161
vn -0.0759 -0.6326 -0.7708
vn -0.0759 0.6326 -0.7708
vn -0.0624 -0.7715 -0.6332
vn -0.0865 0.4696 -0.8786
vn -0.0464 -0.8810 -0.4709
vn -0.0938 0.2890 -0.9527
vn -0.0286 -0.9565 -0.2902
vn -0.0975 0.0975 -0.9904
vn -0.0097 0.9951 -0.0980
vn -0.0097 -0.9951 -0.0980
vn -0.0975 -0.0975 -0.9904
vn -0.0286 0.9565 -0.2902
vn -0.0938 -0.2890 -0.9527
vn -0.0464 0.8810 -0.4709
vn -0.0865 -0.4696 -0.8786
vn -0.0624 0.7715 -0.6332
vn 0.0097 0.9951 -0.0980
vn 0.0097 -0.9951 -0.0980
vn 0.0976 -0.0975 -0.9904
vn 0.0286 0.9565 -0.2902
vn 0.0938 -0.2890 -0.9527
vn 0.0464 0.8810 -0.4709
vn 0.0865 -0.4696 -0.8786
vn 0.0624 0.7715 -0.6332
vn 0.0759 -0.6326 -0.7708
vn 0.0759 0.6326 -0.7708
vn 0.0624 -0.7715 -0.6332
vn 0.0865 0.4696 -0.8786
vn 0.0464 -0.8810 -0.4709
vn 0.0938 0.2890 -0.9527
vn 0.0286 -0.9565 -0.2902
vn 0.0976 0.0975 -0.9904
vn 0.2248 0.6326 -0.7412
vn 0.1847 -0.7715 -0.6088
vn 0.2563 0.4696 -0.8448
vn 0.1374 -0.8810 -0.4528
vn 0.2779 0.2890 -0.9161
vn 0.0846 -0.9565 -0.2790
vn 0.2889 0.0975 -0.9524
vn 0.0286 0.9951 -0.0942
vn 0.0286 -0.9951 -0.0942
vn 0.2889 -0.0975 -0.9524
vn 0.0846 0.9565 -0.2790
vn 0.2779 -0.2890 -0.9161
vn 0.1374 0.8810 -0.4528
vn 0.2563 -0.4696 -0.8448
vn 0.1847 0.7715 -0.6088
vn 0.2248 -0.6326 -0.7412
vn 0.4691 -0.0975 -0.8777
vn 0.1374 0.9565 -0.2571
vn 0.4513 -0.2890 -0.8443
vn 0.2231 0.8810 -0.4173
vn 0.4162 -0.4696 -0.7786
vn 0.2999 0.7715 -0.5611
vn 0.3651 -0.6326 -0.6831
vn 0.3651 0.6326 -0.6831
vn 0.2999 -0.7715 -0.5611
vn 0.4162 0.4696 -0.7786
vn 0.2231 -0.8810 -0.4173
vn 0.4513 0.2890 -0.8443
vn 0.1374 -0.9565 -0.2571
vn 0.4691 0.0975 -0.8777
vn 0.0464 0.9951 -0.0869
vn 0.0464 -0.9951 -0.0869
vn 0.4036 -0.7715 -0.4918
vn 0.5601 0.4696 -0.6825
vn 0.3002 -0.8810 -0.3658
vn 0.6073 0.2890 -0.7400
vn 0.1850 -0.9565 -0.2254
vn 0.6314 0.0975 -0.7693
vn 0.0625 0.9951 -0.0761
vn 0.0625 -0.9951 -0.0761
vn 0.6314 -0.0975 -0.7693
vn 0.1850 0.9566 -0.2254
vn 0.6073 -0.2890 -0.7400
vn 0.3002 0.8810 -0.3658
vn 0.5601 -0.4696 -0.6825
vn 0.4036 0.7715 -0.4918
vn 0.4913 -0.6326 -0.5987
vn 0.4913 0.6326 -0.5987
vn 0.2254 0.9565 -0.1850
vn 0.7400 -0.2890 -0.6073
vn 0.3658 0.8810 -0.3002
vn 0.6825 -0.4696 -0.5601
vn 0.4918 0.7715 -0.4036
vn 0.5987 -0.6326 -0.4913
vn 0.5987 0.6326 -0.4913
vn 0.4918 -0.7715 -0.4036
vn 0.6825 0.4696 -0.5601
vn 0.3658 -0.8810 -0.3002
vn 0.7400 0.2890 -0.6073
vn 0.2254 -0.9565 -0.1850
vn 0.7693 0.0975 -0.6314
vn 0.0761 0.9951 -0.0625
vn 0.0761 -0.9951 -0.0625
vn 0.7693 -0.0975 -0.6314
vn 0.7786 0.4696 -0.4162
vn 0.4173 -0.8810 -0.2231
vn 0.8443 0.2890 -0.4513
vn 0.2571 -0.9565 -0.1374
vn 0.8777 0.0975 -0.4691
vn 0.0869 0.9951 -0.0464
vn 0.0869 -0.9951 -0.0464
vn 0.8777 -0.0975 -0.4691
vn 0.2571 0.9565 -0.1374
vn 0.8443 -0.2890 -0.4513
vn 0.4173 0.8810 -0.2231
vn 0.7786 -0.4696 -0.4162
vn 0.5611 0.7715 -0.2999
vn 0.6831 -0.6326 -0.3651
vn 0.6831 0.6326 -0.3651
vn 0.5611 -0.7715 -0.2999
vn 0.9161 -0.2890 -0.2779
vn 0.4528 0.8810 -0.1374
vn 0.8448 -0.4696 -0.2563
vn 0.6088 0.7715 -0.1847
vn 0.7412 -0.6326 -0.2248
vn 0.7412 0.6326 -0.2248
vn 0.6088 -0.7715 -0.1847
vn 0.8448 0.4696 -0.2563
vn 0.4528 -0.8810 -0.1374
vn 0.9161 0.2890 -0.2779
vn 0.2790 -0.9565 -0.0846
vn 0.9524 0.0975 -0.2889
vn 0.0942 0.9951 -0.0286
vn 0.0942 -0.9951 -0.0286
vn 0.9524 -0.0975 -0.2889
vn 0.2790 0.9565 -0.0846
vn 0.4709 -0.8810 -0.0464
vn 0.9527 0.2890 -0.0938
vn 0.2902 -0.9565 -0.0286
vn 0.9904 0.0975 -0.0975
vn 0.0980 0.9951 -0.0096
vn 0.0980 -0.9951 -0.0097
vn 0.9904 -0.0975 -0.0975
vn 0.2902 0.9565 -0.0286
vn 0.9527 -0.2890 -0.0938
vn 0.4709 0.8810 -0.0464
vn 0.8786 -0.4696 -0.0865
vn 0.6332 0.7715 -0.0624
vn 0.7708 -0.6326 -0.0759
vn 0.7708 0.6326 -0.0759
vn 0.6332 -0.7715 -0.0624
vn 0.8786 0.4696 -0.0865
vn 0.8786 -0.4696 0.0865
vn 0.6332 0.7715 0.0624
vn 0.7708 -0.6326 0.0759
vn 0.7708 0.6326 0.0759
vn 0.6332 -0.7715 0.0624
vn 0.8786 0.4696 0.0865
vn 0.4709 -0.8810 0.0464
vn 0.9527 0.2890 0.0938
vn 0.2902 -0.9565 0.0286
vn 0.9904 0.0975 0.0975
vn 0.0980 0.9951 0.0096
vn 0.0980 -0.9951 0.0097
vn 0.9904 -0.0975 0.0975
vn 0.2902 0.9565 0.0286
vn 0.9527 -0.2890 0.0938
vn 0.4709 0.8810 0.0464
vn 0.2790 -0.9565 0.0846
vn 0.9524 0.0975 0.2889
vn 0.0942 0.9951 0.0286
vn 0.0942 -0.9951 0.0286
vn 0.9524 -0.0975 0.2889
vn 0.2790 0.9565 0.0846
vn 0.9161 -0.2890 0.2779
vn 0.4528 0.8810 0.1374
vn 0.8448 -0.4696 0.2563
vn 0.6088 0.7715 0.1847
vn 0.7412 -0.6326 0.2248
vn 0.7412 0.6326 0.2248
vn 0.6088 -0.7715 0.1847
vn 0.8448 0.4696 0.2563
vn 0.4528 -0.8810 0.1374
vn 0.9161 0.2890 0.2779
vn 0.5611 0.7715 0.2999
vn 0.6831 -0.6326 0.3651
vn 0.6831 0.6326 0.3651
vn 0.5611 -0.7715 0.2999
vn 0.7786 0.4696 0.4162
vn 0.4173 -0.8810 0.2230
vn 0.8443 0.2890 0.4513
vn 0.2571 -0.9565 0.1374
vn 0.8777 0.0975 0.4691
vn 0.0869 0.9951 0.0464
vn 0.0869 -0.9951 0.0464
vn 0.8777 -0.0975 0.4691
vn 0.2571 0.9565 0.1374
vn 0.8443 -0.2890 0.4513
vn 0.4173 0.8810 0.2230
vn 0.7786 -0.4696 0.4162
vn 0.7693 0.0975 0.6314
vn 0.0761 0.9951 0.0625
vn 0.0761 -0.9951 0.0625
vn 0.7693 -0.0975 0.6314
vn 0.2254 0.9565 0.1850
vn 0.7400 -0.2890 0.6073
vn 0.3658 0.8810 0.3002
vn 0.6825 -0.4696 0.5601
vn 0.4918 0.7715 0.4036
vn 0.5987 -0.6326 0.4913
vn 0.5987 0.6326 0.4913
vn 0.4918 -0.7715 0.4036
vn 0.6825 0.4696 0.5601
vn 0.3658 -0.8810 0.3002
vn 0.7400 0.2890 0.6073
vn 0.2254 -0.9566 0.1850
vn 0.4913 -0.6326 0.5987
vn 0.4913 0.6326 0.5987
vn 0.4036 -0.7715 0.4918
vn 0.5601 0.4696 0.6825
vn 0.3002 -0.8810 0.3658
vn 0.6073 0.2890 0.7400
vn 0.1850 -0.9565 0.2254
vn 0.6314 0.0975 0.7693
vn 0.0625 0.9951 0.0761
vn 0.0625 -0.9951 0.0761
vn 0.6314 -0.0975 0.7693
vn 0.1850 0.9565 0.2254
vn 0.6073 -0.2890 0.7400
vn 0.3002 0.8810 0.3658
vn 0.5601 -0.4696 0.6825
vn 0.4036 0.7715 0.4918
vn 0.0464 0.9951 0.0869
vn 0.0464 -0.9951 0.0869
vn 0.4691 -0.0975 0.8777
vn 0.1374 0.9565 0.2571
vn 0.4513 -0.2890 0.8443
vn 0.2231 0.8810 0.4173
vn 0.4162 -0.4696 0.7786
vn 0.2999 0.7715 0.5611
vn 0.3651 -0.6326 0.6831
vn 0.3651 0.6326 0.6831
vn 0.2999 -0.7715 0.5611
vn 0.4162 0.4696 0.7786
vn 0.2230 -0.8810 0.4173
vn 0.4513 0.2890 0.8443
vn 0.1374 -0.9565 0.2571
vn 0.4691 0.0975 0.8777
vn 0.2248 0.6326 0.7412
vn 0.1847 -0.7715 0.6088
vn 0.2563 0.4696 0.8448
vn 0.1374 -0.8810 0.4528
vn 0.2779 0.2890 0.9161
vn 0.0846 -0.9565 0.2790
vn 0.2889 0.0975 0.9524
vn 0.0286 0.9951 0.0942
vn 0.0286 -0.9951 0.0942
vn 0.2889 -0.0975 0.9524
vn 0.0846 0.9565 0.2790
vn 0.2779 -0.2890 0.9161
vn 0.1374 0.8810 0.4528
vn 0.2563 -0.4696 0.8448
vn 0.1847 0.7715 0.6088
vn 0.2248 -0.6326 0.7412
vn 0.0975 -0.0975 0.9904
vn 0.0286 0.9565 0.2902
vn 0.0938 -0.2890 0.9527
vn 0.0464 0.8810 0.4709
vn 0.0865 -0.4696 0.8786
vn 0.0624 0.7715 0.6332
vn 0.0759 -0.6326 0.7708
vn 0.0759 0.6326 0.7708
vn 0.0624 -0.7715 0.6332
vn 0.0865 0.4696 0.8786
vn 0.0464 -0.8810 0.4709
vn 0.0938 0.2890 0.9527
vn 0.0286 -0.9565 0.2902
vn 0.0975 0.0975 0.9904
vn 0.0097 0.9951 0.0980
vn 0.0097 -0.9951 0.0980
vn -0.0624 -0.7715 0.6332
vn -0.0865 0.4696 0.8786
vn -0.0464 -0.8810 0.4709
vn -0.0938 0.2890 0.9527
vn -0.0286 -0.9565 0.2902
vn -0.0976 0.0975 0.9904
vn -0.0097 0.9951 0.0980
vn -0.0097 -0.9951 0.0980
vn -0.0976 -0.0975 0.9904
vn -0.0286 0.9565 0.2902
vn -0.0938 -0.2890 0.9527
vn -0.0464 0.8810 0.4709
vn -0.0865 -0.4696 0.8786
vn -0.0624 0.7715 0.6332
vn -0.0759 -0.6326 0.7708
vn -0.0759 0.6326 0.7708
vn -0.2779 -0.2890 0.9161
vn -0.1374 0.8810 0.4528
vn -0.2563 -0.4696 0.8448
vn -0.1847 0.7715 0.6088
vn -0.2248 -0.6326 0.7412
vn -0.2248 0.6326 0.7412
vn -0.1847 -0.7715 0.6088
vn -0.2563 0.4696 0.8448
vn -0.1374 -0.8810 0.4528
vn -0.2779 0.2890 0.9161
vn -0.0846 -0.9565 0.2790
vn -0.2889 0.0975 0.9524
vn -0.0286 0.9951 0.0942
vn -0.0286 -0.9951 0.0942
vn -0.2889 -0.0975 0.9524
vn -0.0846 0.9565 0.2790
vn -0.2231 -0.8810 0.4173
vn -0.4513 0.2890 0.8443
vn -0.1374 -0.9565 0.2571
vn -0.4691 0.0975 0.8777
vn -0.0464 0.9951 0.0869
vn -0.0464 -0.9951 0.0869
vn -0.4691 -0.0975 0.8777
vn -0.1374 0.9565 0.2571
vn -0.4513 -0.2890 0.8443
vn -0.2231 0.8810 0.4173
vn -0.4162 -0.4696 0.7786
vn -0.2999 0.7715 0.5611
vn -0.3651 -0.6326 0.6831
vn -0.3651 0.6326 0.6831
vn -0.2999 -0.7715 0.5611
vn -0.4162 0.4696 0.7786
vn -0.3002 0.8810 0.3658
vn -0.5601 -0.4696 0.6825
vn -0.4036 0.7715 0.4918
vn -0.4913 -0.6326 0.5987
vn -0.4913 0.6326 0.5987
vn -0.4036 -0.7715 0.4918
vn -0.5601 0.4696 0.6825
vn -0.3002 -0.8810 0.3658
vn -0.6073 0.2890 0.7400
vn -0.1850 -0.9565 0.2254
vn -0.6314 0.0975 0.7693
vn -0.0625 0.9951 0.0761
vn -0.0625 -0.9951 0.0761
vn -0.6314 -0.0975 0.7693
vn -0.1850 0.9566 0.2254
vn -0.6073 -0.2890 0.7400
vn -0.7400 0.2890 0.6073
vn -0.2254 -0.9565 0.1850
vn -0.7693 0.0975 0.6314
vn -0.0761 0.9951 0.0625
vn -0.0761 -0.9951 0.0625
vn -0.7693 -0.0975 0.6314
vn -0.2254 0.9565 0.1850
vn -0.7400 -0.2890 0.6073
vn -0.3658 0.8810 0.3002
vn -0.6825 -0.4696 0.5601
vn -0.4918 0.7715 0.4036
vn -0.5987 -0.6326 0.4913
vn -0.5987 0.6326 0.4913
vn -0.4918 -0.7715 0.4036
vn -0.6825 0.4696 0.5601
vn -0.3658 -0.8810 0.3002
vn -0.7786 -0.4696 0.4162
vn -0.5611 0.7715 0.2999
vn -0.6831 -0.6326 0.3651
vn -0.6831 0.6326 0.3651
vn -0.5611 -0.7715 0.2999
vn -0.7786 0.4696 0.4162
vn -0.4173 -0.8810 0.2231
vn -0.8443 0.2890 0.4513
vn -0.2571 -0.9565 0.1374
vn -0.8777 0.0975 0.4691
vn -0.0869 0.9951 0.0464
vn -0.0869 -0.9951 0.0464
vn -0.8777 -0.0975 0.4691
vn -0.2571 0.9565 0.1374
vn -0.8443 -0.2890 0.4513
vn -0.4173 0.8810 0.2231
vn -0.2790 -0.9565 0.0846
vn -0.9524 0.0975 0.2889
vn -0.0942 0.9951 0.0286
vn -0.0942 -0.9951 0.0286
vn -0.9524 -0.0975 0.2889
vn -0.2790 0.9565 0.0846
vn -0.9161 -0.2890 0.2779
vn -0.4528 0.8810 0.1374
vn -0.8448 -0.4696 0.2563
vn -0.6088 0.7715 0.1847
vn -0.7412 -0.6326 0.2248
vn -0.7412 0.6326 0.2248
vn -0.6088 -0.7715 0.1847
vn -0.8448 0.4696 0.2563
vn -0.4528 -0.8810 0.1374
vn -0.9161 0.2890 0.2779
vn -0.6332 0.7715 0.0624
vn -0.7708 -0.6326 0.0759
vn -0.7708 0.6326 0.0759
vn -0.6332 -0.7715 0.0624
vn -0.8786 0.4696 0.0865
vn -0.4709 -0.8810 0.0464
vn -0.9527 0.2890 0.0938
vn -0.2902 -0.9565 0.0286
vn -0.9904 0.0975 0.0976
vn -0.0980 0.9951 0.0097
vn -0.0980 -0.9951 0.0097
vn -0.9904 -0.0975 0.0976
vn -0.2902 0.9565 0.0286
vn -0.9527 -0.2890 0.0938
vn -0.4709 0.8810 0.0464
vn -0.8786 -0.4696 0.0865
vn -0.0980 0.9951 -0.0096
vn -0.9524 0.0975 -0.2889
vn -0.9524 -0.0975 -0.2889
vn -0.4173 0.8810 -0.2231
vn 0.0975 0.0975 -0.9904
vn 0.2230 -0.8810 -0.4173
vn 0.1850 0.9565 -0.2254
vn 0.4173 -0.8810 -0.2230
vn 0.0980 0.9951 -0.0097
vn 0.0980 0.9951 0.0097
vn 0.4173 -0.8810 0.2231
vn 0.4173 0.8810 0.2231
vn 0.2254 -0.9565 0.1850
vn 0.2230 0.8810 0.4173
vn -0.2230 -0.8810 0.4173
vn -0.1850 0.9565 0.2254
vn -0.4173 -0.8810 0.2230
vn -0.4173 0.8810 0.2230
vn -0.0980 0.9951 0.0096
vt 0.703681 0.691702
vt 0.686988 0.692950
vt 0.686118 0.677789
vt 0.703078 0.677387
vt 0.588885 0.700518
vt 0.570032 0.702023
vt 0.568494 0.691123
vt 0.587335 0.687681
vt 0.721372 0.690402
vt 0.720986 0.677425
vt 0.606565 0.699117
vt 0.604921 0.684915
vt 0.740281 0.689036
vt 0.740179 0.677958
vt 0.623193 0.697794
vt 0.621721 0.682698
vt 0.761217 0.687508
vt 0.761237 0.679107
vt 0.639275 0.696483
vt 0.637888 0.680812
vt 0.784580 0.685919
vt 0.784691 0.681149
vt 0.655093 0.695256
vt 0.653849 0.679441
vt 0.526101 0.705584
vt 0.500110 0.707657
vt 0.525290 0.700924
vt 0.810844 0.684271
vt 0.670887 0.694120
vt 0.669842 0.678439
vt 0.549291 0.703682
vt 0.548006 0.695433
vt 0.669117 0.662374
vt 0.685970 0.662233
vt 0.545535 0.687347
vt 0.565674 0.680302
vt 0.703447 0.662745
vt 0.584611 0.674841
vt 0.721674 0.664282
vt 0.602350 0.670568
vt 0.741342 0.666762
vt 0.619471 0.667350
vt 0.762451 0.670694
vt 0.636113 0.664856
vt 0.785599 0.676432
vt 0.652577 0.663239
vt 0.523758 0.696424
vt 0.743770 0.655459
vt 0.764898 0.662361
vt 0.616435 0.651467
vt 0.633888 0.648295
vt 0.787306 0.671876
vt 0.651232 0.646254
vt 0.521458 0.692196
vt 0.668720 0.645571
vt 0.541858 0.679530
vt 0.686493 0.646029
vt 0.561591 0.669593
vt 0.704782 0.647597
vt 0.580522 0.661844
vt 0.723771 0.650711
vt 0.598638 0.655814
vt 0.536995 0.672092
vt 0.555894 0.658925
vt 0.687835 0.628814
vt 0.707331 0.631652
vt 0.574845 0.648551
vt 0.727287 0.636682
vt 0.593692 0.640539
vt 0.747734 0.644012
vt 0.612454 0.634717
vt 0.768654 0.654211
vt 0.631124 0.630599
vt 0.789810 0.667598
vt 0.649832 0.628190
vt 0.518410 0.688356
vt 0.668709 0.627652
vt 0.607213 0.616697
vt 0.627627 0.611346
vt 0.773822 0.646402
vt 0.793101 0.663725
vt 0.648285 0.608419
vt 0.514646 0.685036
vt 0.669160 0.608073
vt 0.530766 0.665218
vt 0.690204 0.610147
vt 0.548428 0.648439
vt 0.711370 0.614615
vt 0.567348 0.634922
vt 0.732545 0.622060
vt 0.587109 0.624462
vt 0.753456 0.632478
vt 0.693948 0.589457
vt 0.717351 0.596141
vt 0.539059 0.638462
vt 0.557698 0.621174
vt 0.740011 0.606743
vt 0.578189 0.607048
vt 0.761255 0.620981
vt 0.600244 0.596830
vt 0.780595 0.639084
vt 0.623141 0.589854
vt 0.797126 0.660407
vt 0.646540 0.586244
vt 0.510220 0.682386
vt 0.670223 0.586145
vt 0.523031 0.659127
vt 0.789033 0.632604
vt 0.801864 0.657828
vt 0.617312 0.565247
vt 0.644528 0.560768
vt 0.505219 0.680566
vt 0.672114 0.560917
vt 0.513804 0.654118
vt 0.699637 0.565927
vt 0.527275 0.629234
vt 0.725976 0.575856
vt 0.544915 0.607009
vt 0.750375 0.590677
vt 0.566522 0.588484
vt 0.771530 0.609808
vt 0.590936 0.574523
vt 0.738301 0.553589
vt 0.764746 0.573827
vt 0.528014 0.592688
vt 0.550826 0.568498
vt 0.784714 0.599553
vt 0.577934 0.548415
vt 0.799252 0.627362
vt 0.609685 0.536180
vt 0.807203 0.656185
vt 0.642173 0.531008
vt 0.499794 0.679736
vt 0.675069 0.531008
vt 0.503195 0.650738
vt 0.708347 0.538081
vt 0.512461 0.621247
vt 0.307550 0.658874
vt 0.311388 0.686929
vt 0.302233 0.660610
vt 0.000168 0.709814
vt 0.000167 0.681651
vt 0.005623 0.682558
vt 0.110157 0.539472
vt 0.143674 0.532357
vt 0.145950 0.563983
vt 0.118509 0.568476
vt 0.299055 0.630298
vt 0.289060 0.635568
vt 0.080048 0.552926
vt 0.092444 0.577734
vt 0.284585 0.602692
vt 0.271693 0.613124
vt 0.052553 0.571117
vt 0.068208 0.591502
vt 0.264114 0.578461
vt 0.250486 0.594464
vt 0.030735 0.595422
vt 0.046703 0.609411
vt 0.239184 0.557663
vt 0.226700 0.579973
vt 0.013721 0.622722
vt 0.028472 0.631231
vt 0.209504 0.543637
vt 0.200814 0.569885
vt 0.004028 0.652486
vt 0.014709 0.656048
vt 0.177847 0.534624
vt 0.173736 0.564485
vt 0.240385 0.610250
vt 0.218070 0.599943
vt 0.059082 0.623599
vt 0.040274 0.640792
vt 0.194966 0.592974
vt 0.023868 0.661181
vt 0.171451 0.589643
vt 0.010632 0.684458
vt 0.147819 0.589753
vt 0.297524 0.663230
vt 0.124408 0.593067
vt 0.280855 0.642011
vt 0.101591 0.599782
vt 0.261485 0.624369
vt 0.079694 0.610069
vt 0.149436 0.611906
vt 0.128807 0.614507
vt 0.293515 0.666562
vt 0.274199 0.649343
vt 0.108394 0.619536
vt 0.253877 0.635729
vt 0.088294 0.627266
vt 0.233070 0.625389
vt 0.068596 0.637534
vt 0.212086 0.618176
vt 0.049470 0.650863
vt 0.191117 0.613476
vt 0.031522 0.667382
vt 0.170216 0.611477
vt 0.015080 0.687170
vt 0.075888 0.651167
vt 0.056813 0.661404
vt 0.208021 0.635079
vt 0.188685 0.632032
vt 0.037715 0.674384
vt 0.169667 0.630968
vt 0.018835 0.690554
vt 0.150882 0.631609
vt 0.290263 0.670444
vt 0.132199 0.633721
vt 0.269055 0.657191
vt 0.113522 0.637557
vt 0.248272 0.647150
vt 0.094781 0.643393
vt 0.227928 0.639875
vt 0.287796 0.674725
vt 0.265419 0.665344
vt 0.134869 0.651379
vt 0.117408 0.654322
vt 0.244289 0.658616
vt 0.099649 0.658701
vt 0.224385 0.653909
vt 0.081383 0.664479
vt 0.205552 0.650819
vt 0.062431 0.672126
vt 0.187316 0.649145
vt 0.042541 0.681917
vt 0.169618 0.648810
vt 0.021864 0.694454
vt 0.152210 0.649620
vt 0.204166 0.665936
vt 0.186773 0.665297
vt 0.066468 0.682894
vt 0.046190 0.689817
vt 0.169961 0.665542
vt 0.024137 0.698736
vt 0.153458 0.666496
vt 0.286124 0.679280
vt 0.136993 0.667984
vt 0.263001 0.673684
vt 0.120328 0.670223
vt 0.241882 0.669873
vt 0.103219 0.673424
vt 0.222386 0.667379
vt 0.085374 0.677531
vt 0.138682 0.683944
vt 0.122458 0.685593
vt 0.261817 0.682090
vt 0.240819 0.681012
vt 0.105701 0.687790
vt 0.221635 0.680528
vt 0.088066 0.690431
vt 0.203822 0.680516
vt 0.069149 0.693740
vt 0.186928 0.680814
vt 0.048615 0.697947
vt 0.170639 0.681575
vt 0.025695 0.703277
vt 0.154654 0.682670
vt 0.285251 0.683994
vt 0.070599 0.704688
vt 0.049781 0.706265
vt 0.187730 0.695998
vt 0.171636 0.697261
vt 0.026410 0.707993
vt 0.155827 0.698510
vt 0.285174 0.688759
vt 0.140005 0.699605
vt 0.261813 0.690486
vt 0.123901 0.700729
vt 0.241025 0.692037
vt 0.107215 0.702016
vt 0.222038 0.693471
vt 0.089586 0.703297
vt 0.204421 0.694808
vt 0.124702 0.715912
vt 0.107812 0.716311
vt 0.242433 0.702973
vt 0.223569 0.706331
vt 0.089974 0.716249
vt 0.205940 0.709035
vt 0.070801 0.715731
vt 0.189175 0.711135
vt 0.049789 0.714663
vt 0.172962 0.712924
vt 0.026334 0.712759
vt 0.156999 0.714354
vt 0.285886 0.693469
vt 0.141000 0.715292
vt 0.263079 0.698779
vt 0.048616 0.723073
vt 0.025461 0.717475
vt 0.174653 0.728888
vt 0.158196 0.730538
vt 0.287437 0.698004
vt 0.141677 0.731327
vt 0.265409 0.706901
vt 0.124859 0.731423
vt 0.245160 0.713851
vt 0.107474 0.730892
vt 0.226283 0.719234
vt 0.089205 0.729408
vt 0.208430 0.723411
vt 0.069734 0.726892
vt 0.191306 0.726505
vt 0.249251 0.724663
vt 0.230294 0.732283
vt 0.106114 0.745987
vt 0.087178 0.742901
vt 0.212009 0.738150
vt 0.067314 0.738184
vt 0.194225 0.742406
vt 0.046213 0.731413
vt 0.176776 0.745500
vt 0.023788 0.722033
vt 0.159443 0.747429
vt 0.289749 0.702267
vt 0.142017 0.748065
vt 0.268959 0.714775
vt 0.124313 0.747570
vt 0.179438 0.763163
vt 0.160769 0.765457
vt 0.292806 0.706145
vt 0.021319 0.726318
vt 0.141971 0.765915
vt 0.273874 0.722263
vt 0.122943 0.764703
vt 0.254795 0.735303
vt 0.103560 0.761850
vt 0.235802 0.745565
vt 0.083711 0.756852
vt 0.216886 0.753481
vt 0.063390 0.749599
vt 0.198103 0.759171
vt 0.042505 0.739575
vt 0.099527 0.778771
vt 0.078507 0.771375
vt 0.243144 0.759194
vt 0.223390 0.769666
vt 0.057739 0.761084
vt 0.203209 0.777205
vt 0.037392 0.747414
vt 0.182802 0.782375
vt 0.018066 0.730200
vt 0.162210 0.785155
vt 0.296544 0.709521
vt 0.141444 0.785393
vt 0.280083 0.729243
vt 0.120537 0.783253
vt 0.262182 0.745862
vt 0.300957 0.712232
vt 0.014056 0.733535
vt 0.163810 0.807215
vt 0.140281 0.807173
vt 0.287815 0.735460
vt 0.116752 0.803778
vt 0.271480 0.755920
vt 0.093565 0.797084
vt 0.252759 0.773158
vt 0.071120 0.786560
vt 0.232016 0.786976
vt 0.050055 0.772508
vt 0.209958 0.797021
vt 0.030765 0.754719
vt 0.187107 0.803791
vt 0.265397 0.787484
vt 0.243512 0.805704
vt 0.060875 0.802452
vt 0.039944 0.783587
vt 0.219026 0.819347
vt 0.022514 0.761202
vt 0.192695 0.828316
vt 0.009346 0.736161
vt 0.165622 0.832534
vt 0.305953 0.714119
vt 0.138258 0.832189
vt 0.296952 0.740536
vt 0.111016 0.827072
vt 0.283365 0.765391
vt 0.084978 0.817147
vt 0.167699 0.862077
vt 0.135122 0.861792
vt 0.311388 0.715021
vt 0.307568 0.744035
vt 0.102261 0.854571
vt 0.298125 0.773525
vt 0.072727 0.839116
vt 0.282149 0.802048
vt 0.046689 0.819071
vt 0.258918 0.825885
vt 0.026984 0.793733
vt 0.231663 0.845480
vt 0.012571 0.766466
vt 0.199981 0.857268
vt 0.004026 0.737901
vt 0.796629 0.770999
vt 0.779775 0.798067
vt 0.763919 0.784173
vt 0.782022 0.762513
vt 0.601769 0.849730
vt 0.572226 0.835779
vt 0.584633 0.813561
vt 0.610409 0.823589
vt 0.806463 0.741557
vt 0.795977 0.737952
vt 0.633307 0.858701
vt 0.637386 0.828951
vt 0.810653 0.712451
vt 0.805191 0.711480
vt 0.667362 0.860946
vt 0.665075 0.829434
vt 0.504203 0.735422
vt 0.509452 0.733666
vt 0.700761 0.853834
vt 0.692419 0.824941
vt 0.512776 0.763558
vt 0.522570 0.758421
vt 0.730750 0.840399
vt 0.718386 0.815704
vt 0.526886 0.791014
vt 0.539992 0.780498
vt 0.758100 0.822258
vt 0.742516 0.801985
vt 0.547403 0.815126
vt 0.560969 0.799144
vt 0.686530 0.800442
vt 0.709271 0.793744
vt 0.530772 0.751936
vt 0.549922 0.769490
vt 0.731095 0.783504
vt 0.570969 0.783466
vt 0.751653 0.770071
vt 0.593187 0.793686
vt 0.770537 0.753071
vt 0.616208 0.800596
vt 0.786765 0.732727
vt 0.639642 0.803888
vt 0.800196 0.709552
vt 0.663196 0.803757
vt 0.514100 0.731032
vt 0.761251 0.742892
vt 0.779227 0.726516
vt 0.620009 0.780172
vt 0.640849 0.782129
vt 0.795770 0.706815
vt 0.661567 0.781677
vt 0.518050 0.727693
vt 0.682136 0.779071
vt 0.537370 0.744649
vt 0.702490 0.774054
vt 0.557445 0.758189
vt 0.722535 0.766357
vt 0.578221 0.768381
vt 0.742185 0.756146
vt 0.599099 0.775533
vt 0.542377 0.736846
vt 0.563057 0.746730
vt 0.697379 0.756080
vt 0.716078 0.750269
vt 0.583340 0.753902
vt 0.734937 0.742541
vt 0.603085 0.758716
vt 0.753991 0.732379
vt 0.622398 0.761676
vt 0.773057 0.719479
vt 0.641369 0.762695
vt 0.792037 0.703409
vt 0.660107 0.762030
vt 0.521247 0.723816
vt 0.678745 0.759909
vt 0.623734 0.744584
vt 0.641390 0.744889
vt 0.768240 0.711918
vt 0.789033 0.699490
vt 0.658764 0.744058
vt 0.523664 0.719545
vt 0.676073 0.742288
vt 0.545976 0.728718
vt 0.693506 0.739347
vt 0.566936 0.735361
vt 0.711232 0.734988
vt 0.586737 0.739990
vt 0.729481 0.729248
vt 0.605591 0.742924
vt 0.748452 0.721684
vt 0.690597 0.723465
vt 0.707671 0.720277
vt 0.569329 0.724109
vt 0.588687 0.726539
vt 0.725516 0.716195
vt 0.606905 0.727885
vt 0.744412 0.710882
vt 0.624233 0.728471
vt 0.764695 0.703995
vt 0.641016 0.728189
vt 0.786789 0.695190
vt 0.657498 0.727212
vt 0.525290 0.715008
vt 0.673945 0.725708
vt 0.548259 0.720428
vt 0.762360 0.695824
vt 0.785321 0.690629
vt 0.640302 0.712179
vt 0.656281 0.711065
vt 0.526065 0.710315
vt 0.672244 0.709769
vt 0.549428 0.712033
vt 0.688487 0.708098
vt 0.570338 0.713020
vt 0.705179 0.705916
vt 0.589353 0.713437
vt 0.722846 0.703284
vt 0.607208 0.713354
vt 0.741720 0.700000
vt 0.624008 0.712984
vt 0.386274 0.254361
vt 0.355875 0.256582
vt 0.355104 0.235744
vt 0.386064 0.236570
vt 0.197838 0.268234
vt 0.171170 0.270227
vt 0.168596 0.247396
vt 0.195578 0.243924
vt 0.419965 0.251866
vt 0.419997 0.238367
vt 0.223790 0.266268
vt 0.221580 0.241037
vt 0.457435 0.249142
vt 0.457569 0.241502
vt 0.249179 0.264272
vt 0.247311 0.238843
vt 0.041990 0.280012
vt 0.000402 0.283088
vt 0.040743 0.272547
vt 0.499460 0.246249
vt 0.274585 0.262522
vt 0.273050 0.237275
vt 0.079105 0.277197
vt 0.077098 0.263973
vt 0.300542 0.260618
vt 0.299189 0.236228
vt 0.112430 0.274676
vt 0.110017 0.257174
vt 0.327360 0.258664
vt 0.326530 0.235592
vt 0.142742 0.272383
vt 0.140352 0.251760
vt 0.327011 0.212105
vt 0.356461 0.214481
vt 0.135933 0.231075
vt 0.164515 0.224313
vt 0.387778 0.218598
vt 0.192017 0.219173
vt 0.421819 0.224833
vt 0.218855 0.215414
vt 0.458895 0.233930
vt 0.245297 0.212814
vt 0.038337 0.265329
vt 0.271896 0.211432
vt 0.073335 0.250985
vt 0.298980 0.211227
vt 0.105639 0.239782
vt 0.034697 0.258543
vt 0.461595 0.226621
vt 0.243139 0.185481
vt 0.271266 0.184395
vt 0.067463 0.238428
vt 0.299888 0.185094
vt 0.099139 0.222607
vt 0.329168 0.187830
vt 0.129442 0.210205
vt 0.359674 0.192823
vt 0.158643 0.200678
vt 0.391856 0.200367
vt 0.187214 0.193666
vt 0.425639 0.211446
vt 0.215262 0.188763
vt 0.120527 0.188992
vt 0.150610 0.176019
vt 0.365373 0.170230
vt 0.398204 0.181990
vt 0.180828 0.166814
vt 0.431626 0.198256
vt 0.210770 0.160161
vt 0.465513 0.219730
vt 0.240915 0.156401
vt 0.029855 0.252374
vt 0.271262 0.155616
vt 0.059697 0.226475
vt 0.301946 0.157589
vt 0.090089 0.205537
vt 0.333387 0.162059
vt 0.238480 0.124623
vt 0.272039 0.124135
vt 0.023864 0.247037
vt 0.049737 0.215400
vt 0.305845 0.127535
vt 0.078220 0.188799
vt 0.339889 0.134738
vt 0.108530 0.167193
vt 0.373870 0.146756
vt 0.140045 0.150123
vt 0.407402 0.163489
vt 0.172434 0.137797
vt 0.439838 0.185689
vt 0.205252 0.129260
vt 0.470759 0.213514
vt 0.385915 0.122195
vt 0.419980 0.145014
vt 0.125966 0.122400
vt 0.161339 0.105944
vt 0.450520 0.174043
vt 0.198113 0.094750
vt 0.477212 0.208183
vt 0.235731 0.088987
vt 0.016812 0.242768
vt 0.273810 0.088883
vt 0.037465 0.205597
vt 0.311943 0.094276
vt 0.063054 0.172703
vt 0.349556 0.105087
vt 0.092866 0.144883
vt 0.276918 0.048317
vt 0.321182 0.056458
vt 0.022802 0.197604
vt 0.043967 0.157812
vt 0.363514 0.072546
vt 0.072363 0.122124
vt 0.402612 0.096519
vt 0.107183 0.092459
vt 0.436364 0.127313
vt 0.146408 0.070072
vt 0.463915 0.163736
vt 0.188793 0.055198
vt 0.484783 0.203998
vt 0.232548 0.048029
vt 0.008844 0.239822
vt 0.457478 0.111157
vt 0.479976 0.155450
vt 0.125559 0.028105
vt 0.176566 0.008474
vt 0.493314 0.201243
vt 0.228795 0.000167
vt 0.000167 0.238406
vt 0.281740 0.000195
vt 0.006034 0.192258
vt 0.335319 0.011671
vt 0.020280 0.145188
vt 0.383482 0.036831
vt 0.045201 0.099114
vt 0.425819 0.069630
vt 0.081990 0.060289
vt 0.955847 0.111333
vt 0.979530 0.156004
vt 0.963360 0.164603
vt 0.935000 0.128343
vt 0.582197 0.063431
vt 0.625867 0.034078
vt 0.645987 0.073537
vt 0.607411 0.095800
vt 0.922461 0.072170
vt 0.900579 0.098235
vt 0.547624 0.102466
vt 0.573239 0.124607
vt 0.881689 0.038800
vt 0.861786 0.075139
vt 0.520818 0.146190
vt 0.544364 0.159569
vt 0.833387 0.016628
vt 0.819842 0.059194
vt 0.505811 0.193582
vt 0.522796 0.199156
vt 0.782039 0.002739
vt 0.776086 0.050782
vt 0.499794 0.239799
vt 0.508439 0.241228
vt 0.727066 0.000167
vt 0.731384 0.050947
vt 0.993371 0.202299
vt 0.999734 0.247724
vt 0.984764 0.205133
vt 0.499794 0.284400
vt 0.673717 0.012194
vt 0.687551 0.058426
vt 0.810716 0.096674
vt 0.772863 0.091792
vt 0.537405 0.207266
vt 0.516382 0.244233
vt 0.734887 0.091761
vt 0.977144 0.209405
vt 0.697316 0.097577
vt 0.949948 0.175158
vt 0.660858 0.108652
vt 0.918875 0.146386
vt 0.625948 0.125338
vt 0.884518 0.123772
vt 0.593127 0.147134
vt 0.848021 0.107667
vt 0.563175 0.174673
vt 0.671966 0.140209
vt 0.639861 0.152768
vt 0.906409 0.165074
vt 0.872676 0.148548
vt 0.608459 0.169346
vt 0.838732 0.136970
vt 0.578113 0.190805
vt 0.804817 0.129661
vt 0.549621 0.217156
vt 0.771121 0.126697
vt 0.523394 0.248554
vt 0.737734 0.127530
vt 0.970665 0.214820
vt 0.704642 0.131930
vt 0.939305 0.186993
vt 0.559446 0.228213
vt 0.529388 0.253903
vt 0.770444 0.158014
vt 0.740244 0.159202
vt 0.965411 0.221113
vt 0.710259 0.162748
vt 0.931165 0.199693
vt 0.680333 0.169045
vt 0.897255 0.183754
vt 0.650358 0.178523
vt 0.864304 0.172133
vt 0.620191 0.191064
vt 0.832451 0.164142
vt 0.589801 0.207505
vt 0.801106 0.159525
vt 0.891030 0.202118
vt 0.858869 0.194596
vt 0.658229 0.203001
vt 0.629021 0.212309
vt 0.828361 0.189817
vt 0.598732 0.224545
vt 0.799013 0.187170
vt 0.567179 0.240220
vt 0.770504 0.186739
vt 0.534184 0.260102
vt 0.742511 0.188151
vt 0.961424 0.228059
vt 0.714665 0.191081
vt 0.925163 0.212929
vt 0.686665 0.195900
vt 0.771149 0.213674
vt 0.744607 0.215281
vt 0.958722 0.235447
vt 0.537856 0.266883
vt 0.718156 0.217740
vt 0.921278 0.226421
vt 0.691415 0.221393
vt 0.887191 0.220303
vt 0.663996 0.226574
vt 0.855748 0.216336
vt 0.635436 0.233179
vt 0.826200 0.214184
vt 0.605256 0.241777
vt 0.798215 0.213207
vt 0.572810 0.252752
vt 0.667992 0.249593
vt 0.639748 0.253818
vt 0.854482 0.237614
vt 0.825823 0.237613
vt 0.609500 0.259086
vt 0.798545 0.238191
vt 0.576688 0.265730
vt 0.772309 0.239475
vt 0.540222 0.274121
vt 0.746591 0.241287
vt 0.957309 0.243091
vt 0.720918 0.243374
vt 0.919371 0.240015
vt 0.694868 0.246051
vt 0.885530 0.238284
vt 0.541335 0.281610
vt 0.748510 0.266765
vt 0.723067 0.268542
vt 0.957284 0.250809
vt 0.919521 0.253590
vt 0.697193 0.270350
vt 0.885859 0.256116
vt 0.670414 0.272402
vt 0.855202 0.258496
vt 0.642157 0.274416
vt 0.826800 0.260688
vt 0.611776 0.276578
vt 0.799885 0.262652
vt 0.578520 0.278985
vt 0.773956 0.264725
vt 0.642731 0.295162
vt 0.612040 0.294230
vt 0.829260 0.283636
vt 0.802234 0.287047
vt 0.578487 0.292365
vt 0.776112 0.289951
vt 0.541183 0.289178
vt 0.750408 0.292262
vt 0.958537 0.258415
vt 0.724666 0.293765
vt 0.921543 0.267004
vt 0.698465 0.294739
vt 0.888193 0.273794
vt 0.671339 0.295338
vt 0.857725 0.279260
vt 0.961047 0.265746
vt 0.925461 0.280142
vt 0.725731 0.319567
vt 0.698676 0.319673
vt 0.892567 0.291345
vt 0.670737 0.318746
vt 0.862152 0.300108
vt 0.641422 0.316250
vt 0.833251 0.306797
vt 0.610251 0.312069
vt 0.805679 0.311826
vt 0.576556 0.305750
vt 0.778841 0.315676
vt 0.539757 0.296658
vt 0.752327 0.318324
vt 0.839144 0.330671
vt 0.810409 0.337509
vt 0.606266 0.330115
vt 0.572610 0.319052
vt 0.782253 0.342469
vt 0.537131 0.303896
vt 0.754307 0.345545
vt 0.964790 0.272630
vt 0.726233 0.346517
vt 0.931183 0.292869
vt 0.697732 0.345646
vt 0.899195 0.308827
vt 0.668464 0.342994
vt 0.868540 0.321151
vt 0.638067 0.337879
vt 0.726091 0.375282
vt 0.695433 0.373229
vt 0.939031 0.305056
vt 0.908281 0.326183
vt 0.664237 0.368494
vt 0.877491 0.342659
vt 0.632359 0.360246
vt 0.846971 0.355409
vt 0.599843 0.348331
vt 0.816641 0.364558
vt 0.566557 0.332053
vt 0.786516 0.370961
vt 0.533216 0.310697
vt 0.756398 0.374612
vt 0.969676 0.278923
vt 0.590629 0.366588
vt 0.558300 0.344426
vt 0.824847 0.393667
vt 0.791900 0.401967
vt 0.527992 0.316822
vt 0.758661 0.406393
vt 0.975742 0.284378
vt 0.725154 0.406694
vt 0.949210 0.316370
vt 0.691439 0.403123
vt 0.920032 0.343085
vt 0.657588 0.395722
vt 0.889321 0.364654
vt 0.623810 0.383544
vt 0.857435 0.381535
vt 0.961556 0.326414
vt 0.935288 0.359609
vt 0.685191 0.436240
vt 0.647785 0.425238
vt 0.904857 0.387267
vt 0.611656 0.407969
vt 0.871327 0.409500
vt 0.577904 0.384942
vt 0.835704 0.425665
vt 0.547588 0.355908
vt 0.798799 0.436546
vt 0.521615 0.322066
vt 0.761172 0.442011
vt 0.982895 0.288760
vt 0.723177 0.441853
vt 0.850302 0.461717
vt 0.807771 0.476160
vt 0.534100 0.366069
vt 0.514122 0.326128
vt 0.764028 0.482917
vt 0.991016 0.291824
vt 0.719803 0.482276
vt 0.976313 0.334668
vt 0.675770 0.473875
vt 0.954140 0.374743
vt 0.633701 0.457618
vt 0.925157 0.410356
vt 0.594837 0.433520
vt 0.889839 0.439726
vt 0.561412 0.402426
vt 0.661446 0.518372
vt 0.613658 0.493165
vt 0.977947 0.387963
vt 0.952138 0.433865
vt 0.571466 0.460389
vt 0.914679 0.472294
vt 0.539775 0.418682
vt 0.870678 0.503920
vt 0.518036 0.373970
vt 0.819501 0.522938
vt 0.505714 0.328716
vt 0.767329 0.530674
vt 0.999833 0.293291
vt 0.714637 0.530159
vt 0.993483 0.340396
vt 0.499460 0.291409
vt 0.493417 0.338185
vt 0.476226 0.332538
vt 0.490707 0.289967
vt 0.267937 0.532023
vt 0.212738 0.527973
vt 0.219710 0.479847
vt 0.264534 0.480910
vt 0.006664 0.327548
vt 0.015094 0.324806
vt 0.322196 0.520780
vt 0.308873 0.473844
vt 0.019831 0.372864
vt 0.035756 0.364612
vt 0.370981 0.499169
vt 0.351029 0.459008
vt 0.042385 0.417014
vt 0.063100 0.400580
vt 0.415545 0.469799
vt 0.390232 0.436811
vt 0.074638 0.456109
vt 0.096722 0.430714
vt 0.450824 0.430412
vt 0.424981 0.407860
vt 0.114278 0.489934
vt 0.134661 0.454288
vt 0.478160 0.386188
vt 0.454339 0.372575
vt 0.161795 0.512980
vt 0.176148 0.470843
vt 0.371696 0.406811
vt 0.404970 0.384980
vt 0.113095 0.405569
vt 0.148745 0.422339
vt 0.435346 0.357246
vt 0.185802 0.433771
vt 0.461456 0.324328
vt 0.223621 0.439336
vt 0.482664 0.286930
vt 0.261705 0.439329
vt 0.022577 0.320659
vt 0.299481 0.434117
vt 0.048860 0.354448
vt 0.336328 0.423370
vt 0.079503 0.382774
vt 0.028925 0.315361
vt 0.475562 0.282564
vt 0.259228 0.403623
vt 0.292481 0.399525
vt 0.059646 0.342748
vt 0.325405 0.391483
vt 0.091712 0.364733
vt 0.357827 0.379049
vt 0.124968 0.381387
vt 0.389580 0.362481
vt 0.158496 0.393148
vt 0.420288 0.340912
vt 0.192157 0.400851
vt 0.449122 0.314325
vt 0.225767 0.404200
vt 0.133365 0.358157
vt 0.165090 0.366102
vt 0.377823 0.340532
vt 0.408513 0.324018
vt 0.196181 0.371052
vt 0.439109 0.303074
vt 0.226758 0.372844
vt 0.469543 0.277129
vt 0.256991 0.371890
vt 0.034100 0.309185
vt 0.287083 0.368554
vt 0.067757 0.330310
vt 0.317181 0.362424
vt 0.100842 0.346407
vt 0.347382 0.353049
vt 0.254918 0.342895
vt 0.282835 0.340111
vt 0.037956 0.302345
vt 0.073673 0.317241
vt 0.310959 0.335411
vt 0.107179 0.328191
vt 0.339555 0.328390
vt 0.138960 0.335819
vt 0.368986 0.319107
vt 0.169267 0.340705
vt 0.399538 0.306837
vt 0.198474 0.343524
vt 0.431355 0.291032
vt 0.226914 0.344138
vt 0.464620 0.270897
vt 0.362569 0.298084
vt 0.392993 0.289475
vt 0.171495 0.316517
vt 0.199400 0.317585
vt 0.425614 0.278327
vt 0.226415 0.317236
vt 0.460974 0.264011
vt 0.252955 0.315743
vt 0.040603 0.295091
vt 0.279453 0.313376
vt 0.077445 0.303961
vt 0.306294 0.309798
vt 0.111096 0.310166
vt 0.333809 0.304675
vt 0.142210 0.314213
vt 0.041978 0.287588
vt 0.079227 0.290576
vt 0.276752 0.287699
vt 0.302919 0.285036
vt 0.112858 0.292330
vt 0.329788 0.281539
vt 0.143390 0.293151
vt 0.358252 0.277304
vt 0.172070 0.293148
vt 0.388626 0.271983
vt 0.199163 0.292664
vt 0.421836 0.265224
vt 0.225355 0.291466
vt 0.458573 0.256701
vt 0.251055 0.289735
s 0
usemtl マテリアル
f 7/1/1 478/2/1 18/3/1 19/4/1
f 476/5/2 2/6/2 11/7/2 12/8/2
f 479/9/3 7/1/3 19/4/3 20/10/3
f 3/11/4 476/5/4 12/8/4 13/12/4
f 480/13/5 479/9/5 20/10/5 21/14/5
f 477/15/6 3/11/6 13/12/6 14/16/6
f 481/17/7 480/13/7 21/14/7 22/18/7
f 4/19/8 477/15/8 14/16/8 15/20/8
f 482/21/9 481/17/9 22/18/9 23/22/9
f 5/23/10 4/19/10 15/20/10 16/24/10
f 474/25/11 1/26/11 9/27/11
f 8/28/12 482/21/12 23/22/12
f 6/29/13 5/23/13 16/24/13 17/30/13
f 475/31/14 474/25/14 9/27/14 10/32/14
f 478/2/15 6/29/15 17/30/15 18/3/15
f 2/6/16 475/31/16 10/32/16 11/7/16
f 18/3/17 17/30/17 32/33/17 33/34/17
f 11/7/18 10/32/18 25/35/18 26/36/18
f 19/4/19 18/3/19 33/34/19 34/37/19
f 12/8/20 11/7/20 26/36/20 27/38/20
f 20/10/21 19/4/21 34/37/21 35/39/21
f 13/12/22 12/8/22 27/38/22 28/40/22
f 21/14/23 20/10/23 35/39/23 36/41/23
f 14/16/24 13/12/24 28/40/24 29/42/24
f 22/18/25 21/14/25 36/41/25 37/43/25
f 15/20/26 14/16/26 29/42/26 30/44/26
f 23/22/27 22/18/27 37/43/27 38/45/27
f 16/24/28 15/20/28 30/44/28 31/46/28
f 9/27/29 1/26/29 24/47/29
f 8/28/30 23/22/30 38/45/30
f 17/30/31 16/24/31 31/46/31 32/33/31
f 10/32/32 9/27/32 24/47/32 25/35/32
f 37/43/33 36/41/33 51/48/33 52/49/33
f 30/44/34 29/42/34 44/50/34 45/51/34
f 38/45/35 37/43/35 52/49/35 53/52/35
f 31/46/36 30/44/36 45/51/36 46/53/36
f 24/47/37 1/26/37 39/54/37
f 8/28/38 38/45/38 53/52/38
f 32/33/39 31/46/39 46/53/39 47/55/39
f 25/35/40 24/47/40 39/54/40 40/56/40
f 33/34/41 32/33/41 47/55/41 48/57/41
f 26/36/42 25/35/42 40/56/42 41/58/42
f 34/37/43 33/34/43 48/57/43 49/59/43
f 27/38/44 26/36/44 41/58/44 42/60/44
f 35/39/45 34/37/45 49/59/45 50/61/45
f 28/40/46 27/38/46 42/60/46 43/62/46
f 36/41/47 35/39/47 50/61/47 51/48/47
f 29/42/48 28/40/48 43/62/48 44/50/48
f 41/58/49 40/56/49 55/63/49 56/64/49
f 49/59/50 48/57/50 63/65/50 64/66/50
f 42/60/51 41/58/51 56/64/51 57/67/51
f 50/61/52 49/59/52 64/66/52 65/68/52
f 43/62/53 42/60/53 57/67/53 58/69/53
f 51/48/54 50/61/54 65/68/54 66/70/54
f 44/50/55 43/62/55 58/69/55 59/71/55
f 52/49/56 51/48/56 66/70/56 67/72/56
f 45/51/57 44/50/57 59/71/57 60/73/57
f 53/52/58 52/49/58 67/72/58 68/74/58
f 46/53/59 45/51/59 60/73/59 61/75/59
f 39/54/60 1/26/60 54/76/60
f 8/28/61 53/52/61 68/74/61
f 47/55/62 46/53/62 61/75/62 62/77/62
f 40/56/63 39/54/63 54/76/63 55/63/63
f 48/57/64 47/55/64 62/77/64 63/65/64
f 60/73/65 59/71/65 74/78/65 75/79/65
f 68/74/66 67/72/66 82/80/66 83/81/66
f 61/75/67 60/73/67 75/79/67 76/82/67
f 54/76/68 1/26/68 69/83/68
f 8/28/69 68/74/69 83/81/69
f 62/77/70 61/75/70 76/82/70 77/84/70
f 55/63/71 54/76/71 69/83/71 70/85/71
f 63/65/72 62/77/72 77/84/72 78/86/72
f 56/64/73 55/63/73 70/85/73 71/87/73
f 64/66/74 63/65/74 78/86/74 79/88/74
f 57/67/75 56/64/75 71/87/75 72/89/75
f 65/68/76 64/66/76 79/88/76 80/90/76
f 58/69/77 57/67/77 72/89/77 73/91/77
f 66/70/78 65/68/78 80/90/78 81/92/78
f 59/71/79 58/69/79 73/91/79 74/78/79
f 67/72/80 66/70/80 81/92/80 82/80/80
f 79/88/81 78/86/81 93/93/81 94/94/81
f 72/89/82 71/87/82 86/95/82 87/96/82
f 80/90/83 79/88/83 94/94/83 95/97/83
f 73/91/84 72/89/84 87/96/84 88/98/84
f 81/92/85 80/90/85 95/97/85 96/99/85
f 74/78/86 73/91/86 88/98/86 89/100/86
f 82/80/87 81/92/87 96/99/87 97/101/87
f 75/79/88 74/78/88 89/100/88 90/102/88
f 83/81/89 82/80/89 97/101/89 98/103/89
f 76/82/90 75/79/90 90/102/90 91/104/90
f 69/83/91 1/26/91 84/105/91
f 8/28/92 83/81/92 98/103/92
f 77/84/93 76/82/93 91/104/93 92/106/93
f 70/85/94 69/83/94 84/105/94 85/107/94
f 78/86/95 77/84/95 92/106/95 93/93/95
f 71/87/96 70/85/96 85/107/96 86/95/96
f 98/103/97 97/101/97 112/108/97 113/109/97
f 91/104/98 90/102/98 105/110/98 106/111/98
f 84/105/99 1/26/99 99/112/99
f 8/28/100 98/103/100 113/109/100
f 92/106/101 91/104/101 106/111/101 107/113/101
f 85/107/102 84/105/102 99/112/102 100/114/102
f 93/93/103 92/106/103 107/113/103 108/115/103
f 86/95/104 85/107/104 100/114/104 101/116/104
f 94/94/105 93/93/105 108/115/105 109/117/105
f 87/96/106 86/95/106 101/116/106 102/118/106
f 95/97/107 94/94/107 109/117/107 110/119/107
f 88/98/108 87/96/108 102/118/108 103/120/108
f 96/99/109 95/97/109 110/119/109 111/121/109
f 89/100/110 88/98/110 103/120/110 104/122/110
f 97/101/111 96/99/111 111/121/111 112/108/111
f 90/102/112 89/100/112 104/122/112 105/110/112
f 110/119/113 109/117/113 124/123/113 125/124/113
f 103/120/114 102/118/114 117/125/114 118/126/114
f 111/121/115 110/119/115 125/124/115 126/127/115
f 104/122/116 103/120/116 118/126/116 119/128/116
f 112/108/117 111/121/117 126/127/117 127/129/117
f 105/110/118 104/122/118 119/128/118 120/130/118
f 113/109/119 112/108/119 127/129/119 128/131/119
f 106/111/120 105/110/120 120/130/120 121/132/120
f 99/112/121 1/26/121 114/133/121
f 8/28/122 113/109/122 128/131/122
f 107/113/123 106/111/123 121/132/123 122/134/123
f 100/114/124 99/112/124 114/133/124 115/135/124
f 108/115/125 107/113/125 122/134/125 123/136/125
f 101/116/126 100/114/126 115/135/126 116/137/126
f 109/117/127 108/115/127 123/136/127 124/123/127
f 102/118/128 101/116/128 116/137/128 117/125/128
f 114/138/129 1/139/129 129/140/129
f 8/141/130 128/142/130 143/143/130
f 122/144/131 121/145/131 136/146/131 137/147/131
f 115/148/132 114/138/132 129/140/132 130/149/132
f 123/150/133 122/144/133 137/147/133 138/151/133
f 116/152/134 115/148/134 130/149/134 131/153/134
f 124/154/135 123/150/135 138/151/135 139/155/135
f 117/156/136 116/152/136 131/153/136 132/157/136
f 125/158/137 124/154/137 139/155/137 140/159/137
f 118/160/138 117/156/138 132/157/138 133/161/138
f 126/162/139 125/158/139 140/159/139 141/163/139
f 119/164/140 118/160/140 133/161/140 134/165/140
f 127/166/141 126/162/141 141/163/141 142/167/141
f 120/168/142 119/164/142 134/165/142 135/169/142
f 128/142/143 127/166/143 142/167/143 143/143/143
f 121/145/144 120/168/144 135/169/144 136/146/144
f 133/161/145 132/157/145 147/170/145 148/171/145
f 141/163/146 140/159/146 155/172/146 156/173/146
f 134/165/147 133/161/147 148/171/147 149/174/147
f 142/167/148 141/163/148 156/173/148 157/175/148
f 135/169/149 134/165/149 149/174/149 150/176/149
f 143/143/150 142/167/150 157/175/150 158/177/150
f 136/146/151 135/169/151 150/176/151 151/178/151
f 129/140/152 1/139/152 144/179/152
f 8/141/153 143/143/153 158/177/153
f 137/147/154 136/146/154 151/178/154 152/180/154
f 130/149/155 129/140/155 144/179/155 145/181/155
f 138/151/156 137/147/156 152/180/156 153/182/156
f 131/153/157 130/149/157 145/181/157 146/183/157
f 139/155/158 138/151/158 153/182/158 154/184/158
f 132/157/159 131/153/159 146/183/159 147/170/159
f 140/159/160 139/155/160 154/184/160 155/172/160
f 152/180/161 151/178/161 166/185/161 167/186/161
f 145/181/162 144/179/162 159/187/162 160/188/162
f 153/182/163 152/180/163 167/186/163 168/189/163
f 146/183/164 145/181/164 160/188/164 161/190/164
f 154/184/165 153/182/165 168/189/165 169/191/165
f 147/170/166 146/183/166 161/190/166 162/192/166
f 155/172/167 154/184/167 169/191/167 170/193/167
f 148/171/168 147/170/168 162/192/168 163/194/168
f 156/173/169 155/172/169 170/193/169 171/195/169
f 149/174/170 148/171/170 163/194/170 164/196/170
f 157/175/171 156/173/171 171/195/171 172/197/171
f 150/176/172 149/174/172 164/196/172 165/198/172
f 158/177/173 157/175/173 172/197/173 173/199/173
f 151/178/174 150/176/174 165/198/174 166/185/174
f 144/179/175 1/139/175 159/187/175
f 8/141/176 158/177/176 173/199/176
f 171/195/177 170/193/177 185/200/177 186/201/177
f 164/196/178 163/194/178 178/202/178 179/203/178
f 172/197/179 171/195/179 186/201/179 187/204/179
f 165/198/180 164/196/180 179/203/180 180/205/180
f 173/199/181 172/197/181 187/204/181 188/206/181
f 166/185/182 165/198/182 180/205/182 181/207/182
f 159/187/183 1/139/183 174/208/183
f 8/141/184 173/199/184 188/206/184
f 167/186/185 166/185/185 181/207/185 182/209/185
f 160/188/186 159/187/186 174/208/186 175/210/186
f 168/189/187 167/186/187 182/209/187 183/211/187
f 161/190/188 160/188/188 175/210/188 176/212/188
f 169/191/189 168/189/189 183/211/189 184/213/189
f 162/192/190 161/190/190 176/212/190 177/214/190
f 170/193/191 169/191/191 184/213/191 185/200/191
f 163/194/192 162/192/192 177/214/192 178/202/192
f 175/210/193 174/208/193 189/215/193 190/216/193
f 183/211/194 182/209/194 197/217/194 198/218/194
f 176/212/195 175/210/195 190/216/195 191/219/195
f 184/213/196 183/211/196 198/218/196 199/220/196
f 177/214/197 176/212/197 191/219/197 192/221/197
f 185/200/198 184/213/198 199/220/198 200/222/198
f 178/202/199 177/214/199 192/221/199 193/223/199
f 186/201/200 185/200/200 200/222/200 201/224/200
f 179/203/201 178/202/201 193/223/201 194/225/201
f 187/204/202 186/201/202 201/224/202 202/226/202
f 180/205/203 179/203/203 194/225/203 195/227/203
f 188/206/204 187/204/204 202/226/204 203/228/204
f 181/207/205 180/205/205 195/227/205 196/229/205
f 174/208/206 1/139/206 189/215/206
f 8/141/207 188/206/207 203/228/207
f 182/209/208 181/207/208 196/229/208 197/217/208
f 194/225/209 193/223/209 208/230/209 209/231/209
f 202/226/210 201/224/210 216/232/210 217/233/210
f 195/227/211 194/225/211 209/231/211 210/234/211
f 203/228/212 202/226/212 217/233/212 218/235/212
f 196/229/213 195/227/213 210/234/213 211/236/213
f 189/215/214 1/139/214 204/237/214
f 8/141/215 203/228/215 218/235/215
f 197/217/216 196/229/216 211/236/216 212/238/216
f 190/216/217 189/215/217 204/237/217 205/239/217
f 198/218/218 197/217/218 212/238/218 213/240/218
f 191/219/219 190/216/219 205/239/219 206/241/219
f 199/220/220 198/218/220 213/240/220 214/242/220
f 192/221/221 191/219/221 206/241/221 207/243/221
f 200/222/222 199/220/222 214/242/222 215/244/222
f 193/223/223 192/221/223 207/243/223 208/230/223
f 201/224/224 200/222/224 215/244/224 216/232/224
f 213/240/225 212/238/225 227/245/225 228/246/225
f 206/241/226 205/239/226 220/247/226 221/248/226
f 214/242/227 213/240/227 228/246/227 229/249/227
f 207/243/228 206/241/228 221/248/228 222/250/228
f 215/244/229 214/242/229 229/249/229 230/251/229
f 208/230/230 207/243/230 222/250/230 223/252/230
f 216/232/231 215/244/231 230/251/231 231/253/231
f 209/231/232 208/230/232 223/252/232 224/254/232
f 217/233/233 216/232/233 231/253/233 232/255/233
f 210/234/234 209/231/234 224/254/234 225/256/234
f 218/235/235 217/233/235 232/255/235 233/257/235
f 211/236/236 210/234/236 225/256/236 226/258/236
f 204/237/237 1/139/237 219/259/237
f 8/141/238 218/235/238 233/257/238
f 212/238/239 211/236/239 226/258/239 227/245/239
f 205/239/240 204/237/240 219/259/240 220/247/240
f 232/255/241 231/253/241 246/260/241 247/261/241
f 225/256/242 224/254/242 239/262/242 240/263/242
f 233/257/243 232/255/243 247/261/243 248/264/243
f 226/258/244 225/256/244 240/263/244 241/265/244
f 219/259/245 1/139/245 234/266/245
f 8/141/246 233/257/246 248/264/246
f 227/245/247 226/258/247 241/265/247 242/267/247
f 220/247/248 219/259/248 234/266/248 235/268/248
f 228/246/249 227/245/249 242/267/249 243/269/249
f 221/248/250 220/247/250 235/268/250 236/270/250
f 229/249/251 228/246/251 243/269/251 244/271/251
f 222/250/252 221/248/252 236/270/252 237/272/252
f 230/251/253 229/249/253 244/271/253 245/273/253
f 223/252/254 222/250/254 237/272/254 238/274/254
f 231/253/255 230/251/255 245/273/255 246/260/255
f 224/254/256 223/252/256 238/274/256 239/262/256
f 244/271/257 243/269/257 258/275/257 259/276/257
f 237/272/258 236/270/258 251/277/258 252/278/258
f 245/273/259 244/271/259 259/276/259 260/279/259
f 238/274/260 237/272/260 252/278/260 253/280/260
f 246/260/261 245/273/261 260/279/261 261/281/261
f 239/262/262 238/274/262 253/280/262 254/282/262
f 247/261/263 246/260/263 261/281/263 262/283/263
f 240/263/264 239/262/264 254/282/264 255/284/264
f 248/264/265 247/261/265 262/283/265 263/285/265
f 241/265/266 240/263/266 255/284/266 256/286/266
f 234/266/267 1/139/267 249/287/267
f 8/141/268 248/264/268 263/285/268
f 242/267/269 241/265/269 256/286/269 257/288/269
f 235/268/270 234/266/270 249/287/270 250/289/270
f 243/269/271 242/267/271 257/288/271 258/275/271
f 236/270/272 235/268/272 250/289/272 251/277/272
f 263/285/273 262/283/273 277/290/273 278/291/273
f 256/286/274 255/284/274 270/292/274 271/293/274
f 249/287/275 1/139/275 264/294/275
f 8/141/276 263/285/276 278/291/276
f 257/288/277 256/286/277 271/293/277 272/295/277
f 250/289/278 249/287/278 264/294/278 265/296/278
f 258/275/279 257/288/279 272/295/279 273/297/279
f 251/277/280 250/289/280 265/296/280 266/298/280
f 259/276/281 258/275/281 273/297/281 274/299/281
f 252/278/282 251/277/282 266/298/282 267/300/282
f 260/279/283 259/276/283 274/299/283 275/301/283
f 253/280/284 252/278/284 267/300/284 268/302/284
f 261/281/285 260/279/285 275/301/285 276/303/285
f 254/282/286 253/280/286 268/302/286 269/304/286
f 262/283/287 261/281/287 276/303/287 277/290/287
f 255/284/288 254/282/288 269/304/288 270/292/288
f 267/300/289 266/298/289 281/305/289 282/306/289
f 275/301/290 274/299/290 289/307/290 290/308/290
f 268/302/291 267/300/291 282/306/291 283/309/291
f 276/303/292 275/301/292 290/308/292 291/310/292
f 269/304/293 268/302/293 283/309/293 284/311/293
f 277/290/294 276/303/294 291/310/294 292/312/294
f 270/292/295 269/304/295 284/311/295 285/313/295
f 278/291/296 277/290/296 292/312/296 293/314/296
f 271/293/297 270/292/297 285/313/297 286/315/297
f 264/294/298 1/139/298 279/316/298
f 8/141/299 278/291/299 293/314/299
f 272/295/300 271/293/300 286/315/300 287/317/300
f 265/296/301 264/294/301 279/316/301 280/318/301
f 273/297/302 272/295/302 287/317/302 288/319/302
f 266/298/303 265/296/303 280/318/303 281/305/303
f 274/299/304 273/297/304 288/319/304 289/307/304
f 286/315/305 285/313/305 300/320/305 301/321/305
f 279/316/306 1/139/306 294/322/306
f 8/141/307 293/314/307 308/323/307
f 287/317/308 286/315/308 301/321/308 302/324/308
f 280/318/309 279/316/309 294/322/309 295/325/309
f 288/319/310 287/317/310 302/324/310 303/326/310
f 281/305/311 280/318/311 295/325/311 296/327/311
f 289/307/312 288/319/312 303/326/312 304/328/312
f 282/306/313 281/305/313 296/327/313 297/329/313
f 290/308/314 289/307/314 304/328/314 305/330/314
f 283/309/315 282/306/315 297/329/315 298/331/315
f 291/310/316 290/308/316 305/330/316 306/332/316
f 284/311/317 283/309/317 298/331/317 299/333/317
f 292/312/318 291/310/318 306/332/318 307/334/318
f 285/313/319 284/311/319 299/333/319 300/320/319
f 293/314/320 292/312/320 307/334/320 308/323/320
f 305/330/321 304/328/321 319/335/321 320/336/321
f 298/331/322 297/329/322 312/337/322 313/338/322
f 306/332/323 305/330/323 320/336/323 321/339/323
f 299/333/324 298/331/324 313/338/324 314/340/324
f 307/334/325 306/332/325 321/339/325 322/341/325
f 300/320/326 299/333/326 314/340/326 315/342/326
f 308/323/327 307/334/327 322/341/327 323/343/327
f 301/321/328 300/320/328 315/342/328 316/344/328
f 294/322/329 1/139/329 309/345/329
f 8/141/330 308/323/330 323/343/330
f 302/324/331 301/321/331 316/344/331 317/346/331
f 295/325/332 294/322/332 309/345/332 310/347/332
f 303/326/333 302/324/333 317/346/333 318/348/333
f 296/327/334 295/325/334 310/347/334 311/349/334
f 304/328/335 303/326/335 318/348/335 319/335/335
f 297/329/336 296/327/336 311/349/336 312/337/336
f 309/345/337 1/139/337 324/350/337
f 8/141/338 323/343/338 338/351/338
f 317/346/339 316/344/339 331/352/339 332/353/339
f 310/347/340 309/345/340 324/350/340 325/354/340
f 318/348/341 317/346/341 332/353/341 333/355/341
f 311/349/342 310/347/342 325/354/342 326/356/342
f 319/335/343 318/348/343 333/355/343 334/357/343
f 312/337/344 311/349/344 326/356/344 327/358/344
f 320/336/345 319/335/345 334/357/345 335/359/345
f 313/338/346 312/337/346 327/358/346 328/360/346
f 321/339/347 320/336/347 335/359/347 336/361/347
f 314/340/348 313/338/348 328/360/348 329/362/348
f 322/341/349 321/339/349 336/361/349 337/363/349
f 315/342/350 314/340/350 329/362/350 330/364/350
f 323/343/351 322/341/351 337/363/351 338/351/351
f 316/344/352 315/342/352 330/364/352 331/352/352
f 328/360/353 327/358/353 342/365/353 343/366/353
f 336/361/354 335/359/354 350/367/354 351/368/354
f 329/362/355 328/360/355 343/366/355 344/369/355
f 337/363/356 336/361/356 351/368/356 352/370/356
f 330/364/357 329/362/357 344/369/357 345/371/357
f 338/351/358 337/363/358 352/370/358 353/372/358
f 331/352/359 330/364/359 345/371/359 346/373/359
f 324/350/360 1/139/360 339/374/360
f 8/141/361 338/351/361 353/372/361
f 332/353/362 331/352/362 346/373/362 347/375/362
f 325/354/363 324/350/363 339/374/363 340/376/363
f 333/355/364 332/353/364 347/375/364 348/377/364
f 326/356/365 325/354/365 340/376/365 341/378/365
f 334/357/366 333/355/366 348/377/366 349/379/366
f 327/358/367 326/356/367 341/378/367 342/365/367
f 335/359/368 334/357/368 349/379/368 350/367/368
f 347/375/369 346/373/369 361/380/369 362/381/369
f 340/376/370 339/374/370 354/382/370 355/383/370
f 348/377/371 347/375/371 362/381/371 363/384/371
f 341/378/372 340/376/372 355/383/372 356/385/372
f 349/379/373 348/377/373 363/384/373 364/386/373
f 342/365/374 341/378/374 356/385/374 357/387/374
f 350/367/375 349/379/375 364/386/375 365/388/375
f 343/366/376 342/365/376 357/387/376 358/389/376
f 351/368/377 350/367/377 365/388/377 366/390/377
f 344/369/378 343/366/378 358/389/378 359/391/378
f 352/370/379 351/368/379 366/390/379 367/392/379
f 345/371/380 344/369/380 359/391/380 360/393/380
f 353/372/381 352/370/381 367/392/381 368/394/381
f 346/373/382 345/371/382 360/393/382 361/380/382
f 339/374/383 1/139/383 354/382/383
f 8/141/384 353/372/384 368/394/384
f 366/395/385 365/396/385 380/397/385 381/398/385
f 359/399/386 358/400/386 373/401/386 374/402/386
f 367/403/387 366/395/387 381/398/387 382/404/387
f 360/405/388 359/399/388 374/402/388 375/406/388
f 368/407/389 367/403/389 382/404/389 383/408/389
f 361/409/390 360/405/390 375/406/390 376/410/390
f 354/411/391 1/26/391 369/412/391
f 8/28/392 368/407/392 383/408/392
f 362/413/393 361/409/393 376/410/393 377/414/393
f 355/415/394 354/411/394 369/412/394 370/416/394
f 363/417/395 362/413/395 377/414/395 378/418/395
f 356/419/396 355/415/396 370/416/396 371/420/396
f 364/421/397 363/417/397 378/418/397 379/422/397
f 357/423/398 356/419/398 371/420/398 372/424/398
f 365/396/399 364/421/399 379/422/399 380/397/399
f 358/400/400 357/423/400 372/424/400 373/401/400
f 378/418/401 377/414/401 392/425/401 393/426/401
f 371/420/402 370/416/402 385/427/402 386/428/402
f 379/422/403 378/418/403 393/426/403 394/429/403
f 372/424/404 371/420/404 386/428/404 387/430/404
f 380/397/405 379/422/405 394/429/405 395/431/405
f 373/401/406 372/424/406 387/430/406 388/432/406
f 381/398/407 380/397/407 395/431/407 396/433/407
f 374/402/408 373/401/408 388/432/408 389/434/408
f 382/404/409 381/398/409 396/433/409 397/435/409
f 375/406/410 374/402/410 389/434/410 390/436/410
f 383/408/411 382/404/411 397/435/411 398/437/411
f 376/410/412 375/406/412 390/436/412 391/438/412
f 369/412/413 1/26/413 384/439/413
f 8/28/414 383/408/414 398/437/414
f 377/414/415 376/410/415 391/438/415 392/425/415
f 370/416/416 369/412/416 384/439/416 385/427/416
f 397/435/417 396/433/417 411/440/417 412/441/417
f 390/436/418 389/434/418 404/442/418 405/443/418
f 398/437/419 397/435/419 412/441/419 413/444/419
f 391/438/420 390/436/420 405/443/420 406/445/420
f 384/439/421 1/26/421 399/446/421
f 8/28/422 398/437/422 413/444/422
f 392/425/423 391/438/423 406/445/423 407/447/423
f 385/427/424 384/439/424 399/446/424 400/448/424
f 393/426/425 392/425/425 407/447/425 408/449/425
f 386/428/426 385/427/426 400/448/426 401/450/426
f 394/429/427 393/426/427 408/449/427 409/451/427
f 387/430/428 386/428/428 401/450/428 402/452/428
f 395/431/429 394/429/429 409/451/429 410/453/429
f 388/432/430 387/430/430 402/452/430 403/454/430
f 396/433/431 395/431/431 410/453/431 411/440/431
f 389/434/432 388/432/432 403/454/432 404/442/432
f 401/450/433 400/448/433 415/455/433 416/456/433
f 409/451/434 408/449/434 423/457/434 424/458/434
f 402/452/435 401/450/435 416/456/435 417/459/435
f 410/453/436 409/451/436 424/458/436 425/460/436
f 403/454/437 402/452/437 417/459/437 418/461/437
f 411/440/438 410/453/438 425/460/438 426/462/438
f 404/442/439 403/454/439 418/461/439 419/463/439
f 412/441/440 411/440/440 426/462/440 427/464/440
f 405/443/441 404/442/441 419/463/441 420/465/441
f 413/444/442 412/441/442 427/464/442 428/466/442
f 406/445/443 405/443/443 420/465/443 421/467/443
f 399/446/444 1/26/444 414/468/444
f 8/28/445 413/444/445 428/466/445
f 407/447/446 406/445/446 421/467/446 422/469/446
f 400/448/447 399/446/447 414/468/447 415/455/447
f 408/449/448 407/447/448 422/469/448 423/457/448
f 420/465/449 419/463/449 434/470/449 435/471/449
f 428/466/450 427/464/450 442/472/450 443/473/450
f 421/467/451 420/465/451 435/471/451 436/474/451
f 414/468/452 1/26/452 429/475/452
f 8/28/453 428/466/453 443/473/453
f 422/469/454 421/467/454 436/474/454 437/476/454
f 415/455/455 414/468/455 429/475/455 430/477/455
f 423/457/456 422/469/456 437/476/456 438/478/456
f 416/456/457 415/455/457 430/477/457 431/479/457
f 424/458/458 423/457/458 438/478/458 439/480/458
f 417/459/459 416/456/459 431/479/459 432/481/459
f 425/460/460 424/458/460 439/480/460 440/482/460
f 418/461/461 417/459/461 432/481/461 433/483/461
f 426/462/462 425/460/462 440/482/462 441/484/462
f 419/463/463 418/461/463 433/483/463 434/470/463
f 427/464/464 426/462/464 441/484/464 442/472/464
f 439/480/465 438/478/465 453/485/465 454/486/465
f 432/481/466 431/479/466 446/487/466 447/488/466
f 440/482/467 439/480/467 454/486/467 455/489/467
f 433/483/468 432/481/468 447/488/468 448/490/468
f 441/484/469 440/482/469 455/489/469 456/491/469
f 434/470/470 433/483/470 448/490/470 449/492/470
f 442/472/471 441/484/471 456/491/471 457/493/471
f 435/471/472 434/470/472 449/492/472 450/494/472
f 443/473/473 442/472/473 457/493/473 458/495/473
f 436/474/474 435/471/474 450/494/474 451/496/474
f 429/475/475 1/26/475 444/497/475
f 8/28/476 443/473/476 458/495/476
f 437/476/477 436/474/477 451/496/477 452/498/477
f 430/477/478 429/475/478 444/497/478 445/499/478
f 438/478/479 437/476/479 452/498/479 453/485/479
f 431/479/480 430/477/480 445/499/480 446/487/480
f 458/495/481 457/493/481 472/500/481 473/501/481
f 451/496/482 450/494/482 465/502/482 466/503/482
f 444/497/483 1/26/483 459/504/483
f 8/28/484 458/495/484 473/501/484
f 452/498/485 451/496/485 466/503/485 467/505/485
f 445/499/486 444/497/486 459/504/486 460/506/486
f 453/485/487 452/498/487 467/505/487 468/507/487
f 446/487/488 445/499/488 460/506/488 461/508/488
f 454/486/489 453/485/489 468/507/489 469/509/489
f 447/488/490 446/487/490 461/508/490 462/510/490
f 455/489/491 454/486/491 469/509/491 470/511/491
f 448/490/492 447/488/492 462/510/492 463/512/492
f 456/491/493 455/489/493 470/511/493 471/513/493
f 449/492/494 448/490/494 463/512/494 464/514/494
f 457/493/495 456/491/495 471/513/495 472/500/495
f 450/494/496 449/492/496 464/514/496 465/502/496
f 462/510/497 461/508/497 2/6/497 476/5/497
f 470/511/498 469/509/498 7/1/498 479/9/498
f 463/512/499 462/510/499 476/5/499 3/11/499
f 471/513/500 470/511/500 479/9/500 480/13/500
f 464/514/501 463/512/501 3/11/501 477/15/501
f 472/500/502 471/513/502 480/13/502 481/17/502
f 465/502/503 464/514/503 477/15/503 4/19/503
f 473/501/504 472/500/504 481/17/504 482/21/504
f 466/503/505 465/502/505 4/19/505 5/23/505
f 459/504/506 1/26/506 474/25/506
f 8/28/507 473/501/507 482/21/507
f 467/505/508 466/503/508 5/23/508 6/29/508
f 460/506/509 459/504/509 474/25/509 475/31/509
f 468/507/510 467/505/510 6/29/510 478/2/510
f 461/508/511 460/506/511 475/31/511 2/6/511
f 469/509/512 468/507/512 478/2/512 7/1/512
f 962/515/5 961/516/5 502/517/5 503/518/5
f 959/519/6 485/520/6 495/521/6 496/522/6
f 963/523/7 962/515/7 503/518/7 504/524/7
f 486/525/8 959/519/8 496/522/8 497/526/8
f 964/527/9 963/523/9 504/524/9 505/528/9
f 487/529/10 486/525/10 497/526/10 498/530/10
f 956/531/513 483/532/513 491/533/513
f 490/534/12 964/527/12 505/528/12
f 488/535/13 487/529/13 498/530/13 499/536/13
f 957/537/14 956/531/14 491/533/14 492/538/14
f 960/539/15 488/535/15 499/536/15 500/540/15
f 484/541/16 957/537/16 492/538/16 493/542/16
f 489/543/1 960/539/1 500/540/1 501/544/1
f 958/545/2 484/541/2 493/542/2 494/546/2
f 961/516/3 489/543/3 501/544/3 502/517/3
f 485/520/4 958/545/4 494/546/4 495/521/4
f 502/517/21 501/544/21 516/547/21 517/548/21
f 495/521/22 494/546/22 509/549/22 510/550/22
f 503/518/23 502/517/23 517/548/23 518/551/23
f 496/522/24 495/521/24 510/550/24 511/552/24
f 504/524/25 503/518/25 518/551/25 519/553/25
f 497/526/26 496/522/26 511/552/26 512/554/26
f 505/528/27 504/524/27 519/553/27 520/555/27
f 498/530/514 497/526/514 512/554/514 513/556/514
f 491/533/29 483/532/29 506/557/29
f 490/534/30 505/528/30 520/555/30
f 499/536/515 498/530/515 513/556/515 514/558/515
f 492/538/32 491/533/32 506/557/32 507/559/32
f 500/540/17 499/536/17 514/558/17 515/560/17
f 493/542/18 492/538/18 507/559/18 508/561/18
f 501/544/19 500/540/19 515/560/19 516/547/19
f 494/546/20 493/542/20 508/561/20 509/549/20
f 506/557/37 483/532/37 521/562/37
f 490/534/38 520/555/38 535/563/38
f 514/558/39 513/556/39 528/564/39 529/565/39
f 507/559/40 506/557/40 521/562/40 522/566/40
f 515/560/41 514/558/41 529/565/41 530/567/41
f 508/561/516 507/559/516 522/566/516 523/568/516
f 516/547/43 515/560/43 530/567/43 531/569/43
f 509/549/44 508/561/44 523/568/44 524/570/44
f 517/548/45 516/547/45 531/569/45 532/571/45
f 510/550/46 509/549/46 524/570/46 525/572/46
f 518/551/47 517/548/47 532/571/47 533/573/47
f 511/552/48 510/550/48 525/572/48 526/574/48
f 519/553/33 518/551/33 533/573/33 534/575/33
f 512/554/34 511/552/34 526/574/34 527/576/34
f 520/555/35 519/553/35 534/575/35 535/563/35
f 513/556/36 512/554/36 527/576/36 528/564/36
f 525/572/53 524/570/53 539/577/53 540/578/53
f 533/573/54 532/571/54 547/579/54 548/580/54
f 526/574/55 525/572/55 540/578/55 541/581/55
f 534/575/56 533/573/56 548/580/56 549/582/56
f 527/576/57 526/574/57 541/581/57 542/583/57
f 535/563/58 534/575/58 549/582/58 550/584/58
f 528/564/59 527/576/59 542/583/59 543/585/59
f 521/562/60 483/532/60 536/586/60
f 490/534/61 535/563/61 550/584/61
f 529/565/62 528/564/62 543/585/62 544/587/62
f 522/566/63 521/562/63 536/586/63 537/588/63
f 530/567/64 529/565/64 544/587/64 545/589/64
f 523/568/49 522/566/49 537/588/49 538/590/49
f 531/569/50 530/567/50 545/589/50 546/591/50
f 524/570/51 523/568/51 538/590/51 539/577/51
f 532/571/52 531/569/52 546/591/52 547/579/52
f 544/587/70 543/585/70 558/592/70 559/593/70
f 537/588/71 536/586/71 551/594/71 552/595/71
f 545/589/72 544/587/72 559/593/72 560/596/72
f 538/590/73 537/588/73 552/595/73 553/597/73
f 546/591/74 545/589/74 560/596/74 561/598/74
f 539/577/75 538/590/75 553/597/75 554/599/75
f 547/579/76 546/591/76 561/598/76 562/600/76
f 540/578/77 539/577/77 554/599/77 555/601/77
f 548/580/78 547/579/78 562/600/78 563/602/78
f 541/581/79 540/578/79 555/601/79 556/603/79
f 549/582/80 548/580/80 563/602/80 564/604/80
f 542/583/65 541/581/65 556/603/65 557/605/65
f 550/584/66 549/582/66 564/604/66 565/606/66
f 543/585/67 542/583/67 557/605/67 558/592/67
f 536/586/68 483/532/68 551/594/68
f 490/534/69 550/584/69 565/606/69
f 563/602/85 562/600/85 577/607/85 578/608/85
f 556/603/86 555/601/86 570/609/86 571/610/86
f 564/604/87 563/602/87 578/608/87 579/611/87
f 557/605/88 556/603/88 571/610/88 572/612/88
f 565/606/89 564/604/89 579/611/89 580/613/89
f 558/592/90 557/605/90 572/612/90 573/614/90
f 551/594/91 483/532/91 566/615/91
f 490/534/92 565/606/92 580/613/92
f 559/593/93 558/592/93 573/614/93 574/616/93
f 552/595/94 551/594/94 566/615/94 567/617/94
f 560/596/95 559/593/95 574/616/95 575/618/95
f 553/597/96 552/595/96 567/617/96 568/619/96
f 561/598/81 560/596/81 575/618/81 576/620/81
f 554/599/82 553/597/82 568/619/82 569/621/82
f 562/600/83 561/598/83 576/620/83 577/607/83
f 555/601/84 554/599/84 569/621/84 570/609/84
f 575/618/103 574/616/103 589/622/103 590/623/103
f 568/619/104 567/617/104 582/624/104 583/625/104
f 576/620/105 575/618/105 590/623/105 591/626/105
f 569/621/106 568/619/106 583/625/106 584/627/106
f 577/607/107 576/620/107 591/626/107 592/628/107
f 570/609/108 569/621/108 584/627/108 585/629/108
f 578/608/109 577/607/109 592/628/109 593/630/109
f 571/610/110 570/609/110 585/629/110 586/631/110
f 579/611/111 578/608/111 593/630/111 594/632/111
f 572/612/112 571/610/112 586/631/112 587/633/112
f 580/613/97 579/611/97 594/632/97 595/634/97
f 573/614/98 572/612/98 587/633/98 588/635/98
f 566/615/99 483/532/99 581/636/99
f 490/534/100 580/613/100 595/634/100
f 574/616/101 573/614/101 588/635/101 589/622/101
f 567/617/102 566/615/102 581/636/102 582/624/102
f 594/632/117 593/630/117 608/637/117 609/638/117
f 587/633/118 586/631/118 601/639/118 602/640/118
f 595/634/119 594/632/119 609/638/119 610/641/119
f 588/635/120 587/633/120 602/640/120 603/642/120
f 581/636/121 483/532/121 596/643/121
f 490/534/122 595/634/122 610/641/122
f 589/622/123 588/635/123 603/642/123 604/644/123
f 582/624/124 581/636/124 596/643/124 597/645/124
f 590/623/125 589/622/125 604/644/125 605/646/125
f 583/625/126 582/624/126 597/645/126 598/647/126
f 591/626/127 590/623/127 605/646/127 606/648/127
f 584/627/128 583/625/128 598/647/128 599/649/128
f 592/628/113 591/626/113 606/648/113 607/650/113
f 585/629/114 584/627/114 599/649/114 600/651/114
f 593/630/115 592/628/115 607/650/115 608/637/115
f 586/631/116 585/629/116 600/651/116 601/639/116
f 598/652/134 597/653/134 612/654/134 613/655/134
f 606/656/135 605/657/135 620/658/135 621/659/135
f 599/660/136 598/652/136 613/655/136 614/661/136
f 607/662/137 606/656/137 621/659/137 622/663/137
f 600/664/138 599/660/138 614/661/138 615/665/138
f 608/666/139 607/662/139 622/663/139 623/667/139
f 601/668/140 600/664/140 615/665/140 616/669/140
f 609/670/141 608/666/141 623/667/141 624/671/141
f 602/672/142 601/668/142 616/669/142 617/673/142
f 610/674/143 609/670/143 624/671/143 625/675/143
f 603/676/517 602/672/517 617/673/517 618/677/517
f 596/678/129 483/679/129 611/680/129
f 490/681/130 610/674/130 625/675/130
f 604/682/131 603/676/131 618/677/131 619/683/131
f 597/653/132 596/678/132 611/680/132 612/654/132
f 605/657/133 604/682/133 619/683/133 620/658/133
f 617/673/149 616/669/149 631/684/149 632/685/149
f 625/675/150 624/671/150 639/686/150 640/687/150
f 618/677/151 617/673/151 632/685/151 633/688/151
f 611/680/152 483/679/152 626/689/152
f 490/681/153 625/675/153 640/687/153
f 619/683/154 618/677/154 633/688/154 634/690/154
f 612/654/155 611/680/155 626/689/155 627/691/155
f 620/658/156 619/683/156 634/690/156 635/692/156
f 613/655/157 612/654/157 627/691/157 628/693/157
f 621/659/158 620/658/158 635/692/158 636/694/158
f 614/661/159 613/655/159 628/693/159 629/695/159
f 622/663/160 621/659/160 636/694/160 637/696/160
f 615/665/145 614/661/145 629/695/145 630/697/145
f 623/667/146 622/663/146 637/696/146 638/698/146
f 616/669/147 615/665/147 630/697/147 631/684/147
f 624/671/148 623/667/148 638/698/148 639/686/148
f 636/694/165 635/692/165 650/699/165 651/700/165
f 629/695/166 628/693/166 643/701/166 644/702/166
f 637/696/167 636/694/167 651/700/167 652/703/167
f 630/697/168 629/695/168 644/702/168 645/704/168
f 638/698/169 637/696/169 652/703/169 653/705/169
f 631/684/170 630/697/170 645/704/170 646/706/170
f 639/686/518 638/698/518 653/705/518 654/707/518
f 632/685/172 631/684/172 646/706/172 647/708/172
f 640/687/173 639/686/173 654/707/173 655/709/173
f 633/688/174 632/685/174 647/708/174 648/710/174
f 626/689/175 483/679/175 641/711/175
f 490/681/176 640/687/176 655/709/176
f 634/690/161 633/688/161 648/710/161 649/712/161
f 627/691/162 626/689/162 641/711/162 642/713/162
f 635/692/163 634/690/163 649/712/163 650/699/163
f 628/693/164 627/691/164 642/713/164 643/701/164
f 655/709/181 654/707/181 669/714/181 670/715/181
f 648/710/182 647/708/182 662/716/182 663/717/182
f 641/711/183 483/679/183 656/718/183
f 490/681/184 655/709/184 670/715/184
f 649/712/185 648/710/185 663/717/185 664/719/185
f 642/713/519 641/711/519 656/718/519 657/720/519
f 650/699/187 649/712/187 664/719/187 665/721/187
f 643/701/188 642/713/188 657/720/188 658/722/188
f 651/700/189 650/699/189 665/721/189 666/723/189
f 644/702/190 643/701/190 658/722/190 659/724/190
f 652/703/191 651/700/191 666/723/191 667/725/191
f 645/704/192 644/702/192 659/724/192 660/726/192
f 653/705/177 652/703/177 667/725/177 668/727/177
f 646/706/178 645/704/178 660/726/178 661/728/178
f 654/707/179 653/705/179 668/727/179 669/714/179
f 647/708/180 646/706/180 661/728/180 662/716/180
f 659/724/197 658/722/197 673/729/197 674/730/197
f 667/725/198 666/723/198 681/731/198 682/732/198
f 660/726/199 659/724/199 674/730/199 675/733/199
f 668/727/200 667/725/200 682/732/200 683/734/200
f 661/728/201 660/726/201 675/733/201 676/735/201
f 669/714/202 668/727/202 683/734/202 684/736/202
f 662/716/203 661/728/203 676/735/203 677/737/203
f 670/715/204 669/714/204 684/736/204 685/738/204
f 663/717/205 662/716/205 677/737/205 678/739/205
f 656/718/206 483/679/206 671/740/206
f 490/681/207 670/715/207 685/738/207
f 664/719/208 663/717/208 678/739/208 679/741/208
f 657/720/193 656/718/193 671/740/193 672/742/193
f 665/721/194 664/719/194 679/741/194 680/743/194
f 658/722/195 657/720/195 672/742/195 673/729/195
f 666/723/196 665/721/196 680/743/196 681/731/196
f 678/739/213 677/737/213 692/744/213 693/745/213
f 671/740/214 483/679/214 686/746/214
f 490/681/215 685/738/215 700/747/215
f 679/741/216 678/739/216 693/745/216 694/748/216
f 672/742/217 671/740/217 686/746/217 687/749/217
f 680/743/218 679/741/218 694/748/218 695/750/218
f 673/729/219 672/742/219 687/749/219 688/751/219
f 681/731/220 680/743/220 695/750/220 696/752/220
f 674/730/221 673/729/221 688/751/221 689/753/221
f 682/732/222 681/731/222 696/752/222 697/754/222
f 675/733/223 674/730/223 689/753/223 690/755/223
f 683/734/224 682/732/224 697/754/224 698/756/224
f 676/735/209 675/733/209 690/755/209 691/757/209
f 684/736/520 683/734/520 698/756/520 699/758/520
f 677/737/211 676/735/211 691/757/211 692/744/211
f 685/738/212 684/736/212 699/758/212 700/747/212
f 697/754/229 696/752/229 711/759/229 712/760/229
f 690/755/230 689/753/230 704/761/230 705/762/230
f 698/756/231 697/754/231 712/760/231 713/763/231
f 691/757/232 690/755/232 705/762/232 706/764/232
f 699/758/233 698/756/233 713/763/233 714/765/233
f 692/744/234 691/757/234 706/764/234 707/766/234
f 700/747/235 699/758/235 714/765/235 715/767/235
f 693/745/236 692/744/236 707/766/236 708/768/236
f 686/746/237 483/679/237 701/769/237
f 490/681/238 700/747/238 715/767/238
f 694/748/239 693/745/239 708/768/239 709/770/239
f 687/749/240 686/746/240 701/769/240 702/771/240
f 695/750/225 694/748/225 709/770/225 710/772/225
f 688/751/226 687/749/226 702/771/226 703/773/226
f 696/752/227 695/750/227 710/772/227 711/759/227
f 689/753/228 688/751/228 703/773/228 704/761/228
f 490/681/246 715/767/246 730/774/246
f 709/770/247 708/768/247 723/775/247 724/776/247
f 702/771/248 701/769/248 716/777/248 717/778/248
f 710/772/249 709/770/249 724/776/249 725/779/249
f 703/773/250 702/771/250 717/778/250 718/780/250
f 711/759/251 710/772/251 725/779/251 726/781/251
f 704/761/252 703/773/252 718/780/252 719/782/252
f 712/760/253 711/759/253 726/781/253 727/783/253
f 705/762/254 704/761/254 719/782/254 720/784/254
f 713/763/255 712/760/255 727/783/255 728/785/255
f 706/764/256 705/762/256 720/784/256 721/786/256
f 714/765/241 713/763/241 728/785/241 729/787/241
f 707/766/242 706/764/242 721/786/242 722/788/242
f 715/767/243 714/765/243 729/787/243 730/774/243
f 708/768/244 707/766/244 722/788/244 723/775/244
f 701/769/521 483/679/521 716/777/521
f 728/785/261 727/783/261 742/789/261 743/790/261
f 721/786/262 720/784/262 735/791/262 736/792/262
f 729/787/263 728/785/263 743/790/263 744/793/263
f 722/788/264 721/786/264 736/792/264 737/794/264
f 730/774/265 729/787/265 744/793/265 745/795/265
f 723/775/266 722/788/266 737/794/266 738/796/266
f 716/777/522 483/679/522 731/797/522
f 490/681/268 730/774/268 745/795/268
f 724/776/269 723/775/269 738/796/269 739/798/269
f 717/778/270 716/777/270 731/797/270 732/799/270
f 725/779/271 724/776/271 739/798/271 740/800/271
f 718/780/272 717/778/272 732/799/272 733/801/272
f 726/781/257 725/779/257 740/800/257 741/802/257
f 719/782/258 718/780/258 733/801/258 734/803/258
f 727/783/259 726/781/259 741/802/259 742/789/259
f 720/784/260 719/782/260 734/803/260 735/791/260
f 732/799/278 731/797/278 746/804/278 747/805/278
f 740/800/279 739/798/279 754/806/279 755/807/279
f 733/801/280 732/799/280 747/805/280 748/808/280
f 741/802/281 740/800/281 755/807/281 756/809/281
f 734/803/282 733/801/282 748/808/282 749/810/282
f 742/789/283 741/802/283 756/809/283 757/811/283
f 735/791/284 734/803/284 749/810/284 750/812/284
f 743/790/285 742/789/285 757/811/285 758/813/285
f 736/792/286 735/791/286 750/812/286 751/814/286
f 744/793/287 743/790/287 758/813/287 759/815/287
f 737/794/288 736/792/288 751/814/288 752/816/288
f 745/795/273 744/793/273 759/815/273 760/817/273
f 738/796/274 737/794/274 752/816/274 753/818/274
f 731/797/275 483/679/275 746/804/275
f 490/681/276 745/795/276 760/817/276
f 739/798/277 738/796/277 753/818/277 754/806/277
f 751/814/293 750/812/293 765/819/293 766/820/293
f 759/815/523 758/813/523 773/821/523 774/822/523
f 752/816/295 751/814/295 766/820/295 767/823/295
f 760/817/296 759/815/296 774/822/296 775/824/296
f 753/818/297 752/816/297 767/823/297 768/825/297
f 746/804/298 483/679/298 761/826/298
f 490/681/299 760/817/299 775/824/299
f 754/806/300 753/818/300 768/825/300 769/827/300
f 747/805/301 746/804/301 761/826/301 762/828/301
f 755/807/302 754/806/302 769/827/302 770/829/302
f 748/808/524 747/805/524 762/828/524 763/830/524
f 756/809/304 755/807/304 770/829/304 771/831/304
f 749/810/289 748/808/289 763/830/289 764/832/289
f 757/811/290 756/809/290 771/831/290 772/833/290
f 750/812/291 749/810/291 764/832/291 765/819/291
f 758/813/292 757/811/292 772/833/292 773/821/292
f 770/829/310 769/827/310 784/834/310 785/835/310
f 763/830/311 762/828/311 777/836/311 778/837/311
f 771/831/312 770/829/312 785/835/312 786/838/312
f 764/832/313 763/830/313 778/837/313 779/839/313
f 772/833/314 771/831/314 786/838/314 787/840/314
f 765/819/315 764/832/315 779/839/315 780/841/315
f 773/821/316 772/833/316 787/840/316 788/842/316
f 766/820/317 765/819/317 780/841/317 781/843/317
f 774/822/318 773/821/318 788/842/318 789/844/318
f 767/823/319 766/820/319 781/843/319 782/845/319
f 775/824/525 774/822/525 789/844/525 790/846/525
f 768/825/305 767/823/305 782/845/305 783/847/305
f 761/826/306 483/679/306 776/848/306
f 490/681/307 775/824/307 790/846/307
f 769/827/308 768/825/308 783/847/308 784/834/308
f 762/828/309 761/826/309 776/848/309 777/836/309
f 789/844/325 788/842/325 803/849/325 804/850/325
f 782/845/326 781/843/326 796/851/326 797/852/326
f 790/846/327 789/844/327 804/850/327 805/853/327
f 783/847/328 782/845/328 797/852/328 798/854/328
f 776/848/329 483/679/329 791/855/329
f 490/681/330 790/846/330 805/853/330
f 784/834/331 783/847/331 798/854/331 799/856/331
f 777/836/332 776/848/332 791/855/332 792/857/332
f 785/835/333 784/834/333 799/856/333 800/858/333
f 778/837/334 777/836/334 792/857/334 793/859/334
f 786/838/335 785/835/335 800/858/335 801/860/335
f 779/839/336 778/837/336 793/859/336 794/861/336
f 787/840/321 786/838/321 801/860/321 802/862/321
f 780/841/322 779/839/322 794/861/322 795/863/322
f 788/842/323 787/840/323 802/862/323 803/849/323
f 781/843/324 780/841/324 795/863/324 796/851/324
f 793/859/526 792/857/526 807/864/526 808/865/526
f 801/860/343 800/858/343 815/866/343 816/867/343
f 794/861/344 793/859/344 808/865/344 809/868/344
f 802/862/345 801/860/345 816/867/345 817/869/345
f 795/863/346 794/861/346 809/868/346 810/870/346
f 803/849/347 802/862/347 817/869/347 818/871/347
f 796/851/348 795/863/348 810/870/348 811/872/348
f 804/850/349 803/849/349 818/871/349 819/873/349
f 797/852/350 796/851/350 811/872/350 812/874/350
f 805/853/351 804/850/351 819/873/351 820/875/351
f 798/854/352 797/852/352 812/874/352 813/876/352
f 791/855/337 483/679/337 806/877/337
f 490/681/338 805/853/338 820/875/338
f 799/856/339 798/854/339 813/876/339 814/878/339
f 792/857/340 791/855/340 806/877/340 807/864/340
f 800/858/341 799/856/341 814/878/341 815/866/341
f 812/874/357 811/872/357 826/879/357 827/880/357
f 820/875/358 819/873/358 834/881/358 835/882/358
f 813/876/359 812/874/359 827/880/359 828/883/359
f 806/877/360 483/679/360 821/884/360
f 490/681/361 820/875/361 835/882/361
f 814/878/362 813/876/362 828/883/362 829/885/362
f 807/864/363 806/877/363 821/884/363 822/886/363
f 815/866/364 814/878/364 829/885/364 830/887/364
f 808/865/365 807/864/365 822/886/365 823/888/365
f 816/867/366 815/866/366 830/887/366 831/889/366
f 809/868/367 808/865/367 823/888/367 824/890/367
f 817/869/368 816/867/368 831/889/368 832/891/368
f 810/870/353 809/868/353 824/890/353 825/892/353
f 818/871/354 817/869/354 832/891/354 833/893/354
f 811/872/355 810/870/355 825/892/355 826/879/355
f 819/873/356 818/871/356 833/893/356 834/881/356
f 831/889/373 830/887/373 845/894/373 846/895/373
f 824/890/374 823/888/374 838/896/374 839/897/374
f 832/891/375 831/889/375 846/895/375 847/898/375
f 825/892/376 824/890/376 839/897/376 840/899/376
f 833/893/377 832/891/377 847/898/377 848/900/377
f 826/879/378 825/892/378 840/899/378 841/901/378
f 834/881/379 833/893/379 848/900/379 849/902/379
f 827/880/380 826/879/380 841/901/380 842/903/380
f 835/882/381 834/881/381 849/902/381 850/904/381
f 828/883/382 827/880/382 842/903/382 843/905/382
f 821/884/383 483/679/383 836/906/383
f 490/681/384 835/882/384 850/904/384
f 829/885/369 828/883/369 843/905/369 844/907/369
f 822/886/370 821/884/370 836/906/370 837/908/370
f 830/887/371 829/885/371 844/907/371 845/894/371
f 823/888/372 822/886/372 837/908/372 838/896/372
f 850/909/389 849/910/389 864/911/389 865/912/389
f 843/913/390 842/914/390 857/915/390 858/916/390
f 836/917/391 483/532/391 851/918/391
f 490/534/392 850/909/392 865/912/392
f 844/919/393 843/913/393 858/916/393 859/920/393
f 837/921/394 836/917/394 851/918/394 852/922/394
f 845/923/395 844/919/395 859/920/395 860/924/395
f 838/925/396 837/921/396 852/922/396 853/926/396
f 846/927/397 845/923/397 860/924/397 861/928/397
f 839/929/398 838/925/398 853/926/398 854/930/398
f 847/931/399 846/927/399 861/928/399 862/932/399
f 840/933/400 839/929/400 854/930/400 855/934/400
f 848/935/385 847/931/385 862/932/385 863/936/385
f 841/937/386 840/933/386 855/934/386 856/938/386
f 849/910/387 848/935/387 863/936/387 864/911/387
f 842/914/388 841/937/388 856/938/388 857/915/388
f 862/932/405 861/928/405 876/939/405 877/940/405
f 855/934/406 854/930/406 869/941/406 870/942/406
f 863/936/407 862/932/407 877/940/407 878/943/407
f 856/938/408 855/934/408 870/942/408 871/944/408
f 864/911/409 863/936/409 878/943/409 879/945/409
f 857/915/410 856/938/410 871/944/410 872/946/410
f 865/912/411 864/911/411 879/945/411 880/947/411
f 858/916/412 857/915/412 872/946/412 873/948/412
f 851/918/413 483/532/413 866/949/413
f 490/534/414 865/912/414 880/947/414
f 859/920/415 858/916/415 873/948/415 874/950/415
f 852/922/416 851/918/416 866/949/416 867/951/416
f 860/924/401 859/920/401 874/950/401 875/952/401
f 853/926/402 852/922/402 867/951/402 868/953/402
f 861/928/403 860/924/403 875/952/403 876/939/403
f 854/930/404 853/926/404 868/953/404 869/941/404
f 866/949/421 483/532/421 881/954/421
f 490/534/422 880/947/422 895/955/422
f 874/950/423 873/948/423 888/956/423 889/957/423
f 867/951/424 866/949/424 881/954/424 882/958/424
f 875/952/425 874/950/425 889/957/425 890/959/425
f 868/953/426 867/951/426 882/958/426 883/960/426
f 876/939/427 875/952/427 890/959/427 891/961/427
f 869/941/428 868/953/428 883/960/428 884/962/428
f 877/940/429 876/939/429 891/961/429 892/963/429
f 870/942/430 869/941/430 884/962/430 885/964/430
f 878/943/431 877/940/431 892/963/431 893/965/431
f 871/944/432 870/942/432 885/964/432 886/966/432
f 879/945/527 878/943/527 893/965/527 894/967/527
f 872/946/418 871/944/418 886/966/418 887/968/418
f 880/947/419 879/945/419 894/967/419 895/955/419
f 873/948/420 872/946/420 887/968/420 888/956/420
f 885/964/437 884/962/437 899/969/437 900/970/437
f 893/965/438 892/963/438 907/971/438 908/972/438
f 886/966/439 885/964/439 900/970/439 901/973/439
f 894/967/440 893/965/440 908/972/440 909/974/440
f 887/968/441 886/966/441 901/973/441 902/975/441
f 895/955/442 894/967/442 909/974/442 910/976/442
f 888/956/443 887/968/443 902/975/443 903/977/443
f 881/954/444 483/532/444 896/978/444
f 490/534/445 895/955/445 910/976/445
f 889/957/446 888/956/446 903/977/446 904/979/446
f 882/958/528 881/954/528 896/978/528 897/980/528
f 890/959/448 889/957/448 904/979/448 905/981/448
f 883/960/433 882/958/433 897/980/433 898/982/433
f 891/961/434 890/959/434 905/981/434 906/983/434
f 884/962/435 883/960/435 898/982/435 899/969/435
f 892/963/436 891/961/436 906/983/436 907/971/436
f 904/979/454 903/977/454 918/984/454 919/985/454
f 897/980/455 896/978/455 911/986/455 912/987/455
f 905/981/456 904/979/456 919/985/456 920/988/456
f 898/982/457 897/980/457 912/987/457 913/989/457
f 906/983/458 905/981/458 920/988/458 921/990/458
f 899/969/459 898/982/459 913/989/459 914/991/459
f 907/971/460 906/983/460 921/990/460 922/992/460
f 900/970/461 899/969/461 914/991/461 915/993/461
f 908/972/462 907/971/462 922/992/462 923/994/462
f 901/973/463 900/970/463 915/993/463 916/995/463
f 909/974/464 908/972/464 923/994/464 924/996/464
f 902/975/449 901/973/449 916/995/449 917/997/449
f 910/976/450 909/974/450 924/996/450 925/998/450
f 903/977/451 902/975/451 917/997/451 918/984/451
f 896/978/452 483/532/452 911/986/452
f 490/534/453 910/976/453 925/998/453
f 923/994/469 922/992/469 937/999/469 938/1000/469
f 916/995/470 915/993/470 930/1001/470 931/1002/470
f 924/996/529 923/994/529 938/1000/529 939/1003/529
f 917/997/472 916/995/472 931/1002/472 932/1004/472
f 925/998/473 924/996/473 939/1003/473 940/1005/473
f 918/984/474 917/997/474 932/1004/474 933/1006/474
f 911/986/475 483/532/475 926/1007/475
f 490/534/476 925/998/476 940/1005/476
f 919/985/477 918/984/477 933/1006/477 934/1008/477
f 912/987/478 911/986/478 926/1007/478 927/1009/478
f 920/988/479 919/985/479 934/1008/479 935/1010/479
f 913/989/530 912/987/530 927/1009/530 928/1011/530
f 921/990/465 920/988/465 935/1010/465 936/1012/465
f 914/991/466 913/989/466 928/1011/466 929/1013/466
f 922/992/467 921/990/467 936/1012/467 937/999/467
f 915/993/468 914/991/468 929/1013/468 930/1001/468
f 927/1009/486 926/1007/486 941/1014/486 942/1015/486
f 935/1010/487 934/1008/487 949/1016/487 950/1017/487
f 928/1011/488 927/1009/488 942/1015/488 943/1018/488
f 936/1012/489 935/1010/489 950/1017/489 951/1019/489
f 929/1013/490 928/1011/490 943/1018/490 944/1020/490
f 937/999/491 936/1012/491 951/1019/491 952/1021/491
f 930/1001/492 929/1013/492 944/1020/492 945/1022/492
f 938/1000/493 937/999/493 952/1021/493 953/1023/493
f 931/1002/494 930/1001/494 945/1022/494 946/1024/494
f 939/1003/495 938/1000/495 953/1023/495 954/1025/495
f 932/1004/496 931/1002/496 946/1024/496 947/1026/496
f 940/1005/481 939/1003/481 954/1025/481 955/1027/481
f 933/1006/482 932/1004/482 947/1026/482 948/1028/482
f 926/1007/483 483/532/483 941/1014/483
f 490/534/484 940/1005/484 955/1027/484
f 934/1008/485 933/1006/485 948/1028/485 949/1016/485
f 946/1024/501 945/1022/501 485/520/501 959/519/501
f 954/1025/502 953/1023/502 962/515/502 963/523/502
f 947/1026/503 946/1024/503 959/519/503 486/525/503
f 955/1027/504 954/1025/504 963/523/504 964/527/504
f 948/1028/505 947/1026/505 486/525/505 487/529/505
f 941/1014/531 483/532/531 956/531/531
f 490/534/507 955/1027/507 964/527/507
f 949/1016/508 948/1028/508 487/529/508 488/535/508
f 942/1015/509 941/1014/509 956/531/509 957/537/509
f 950/1017/510 949/1016/510 488/535/510 960/539/510
f 943/1018/511 942/1015/511 957/537/511 484/541/511
f 951/1019/512 950/1017/512 960/539/512 489/543/512
f 944/1020/497 943/1018/497 484/541/497 958/545/497
f 952/1021/498 951/1019/498 489/543/498 961/516/498
f 945/1022/499 944/1020/499 958/545/499 485/520/499
f 953/1023/500 952/1021/500 961/516/500 962/515/500
